Doc_Number,Document_Name,Category,Contract_Section,Notes
6,Appendix A1 (Appendices List),,3. WSDOT-Identified Betterments (Exhibit B),13-page reference list (592 appendices)
4,Community Workforce Agreement,,5. Community Workforce Agreement (CWA),Located in Appendix Z1
52,Electronic Files,A - Project Files,7. RFP Appendices (Contract Documents),
53,Photos,A - Project Files,7. RFP Appendices (Contract Documents),
54,SR520 Differential Level Report,A - Project Files,7. RFP Appendices (Contract Documents),
55,SR520 GPS Control Network,A - Project Files,7. RFP Appendices (Contract Documents),
57,FB&L As-Built Plans Volume 01,A-B - As-Built Plans and Construction,7. RFP Appendices (Contract Documents),
58,FB&L As-Built Plans Volume 02,A-B - As-Built Plans and Construction,7. RFP Appendices (Contract Documents),
59,FB&L As-Built Plans Volume 03,A-B - As-Built Plans and Construction,7. RFP Appendices (Contract Documents),
60,FB&L As-Built Plans Volume 04,A-B - As-Built Plans and Construction,7. RFP Appendices (Contract Documents),
61,FB&L As-Built Plans Volume 05,A-B - As-Built Plans and Construction,7. RFP Appendices (Contract Documents),
62,FB&L As-Built Plans Volume 06,A-B - As-Built Plans and Construction,7. RFP Appendices (Contract Documents),
63,FB&L As-Built Plans Volume 06a,A-B - As-Built Plans and Construction,7. RFP Appendices (Contract Documents),
64,FB&L As-Built Plans Volume 06b,A-B - As-Built Plans and Construction,7. RFP Appendices (Contract Documents),
65,FB&L As-Built Plans Volume 07,A-B - As-Built Plans and Construction,7. RFP Appendices (Contract Documents),
66,FB&L As-Built Plans Volume 07a,A-B - As-Built Plans and Construction,7. RFP Appendices (Contract Documents),
67,FB&L As-Built Plans Volume 08,A-B - As-Built Plans and Construction,7. RFP Appendices (Contract Documents),
68,FB&L As-Built Plans Volume 09,A-B - As-Built Plans and Construction,7. RFP Appendices (Contract Documents),
69,FB&L As-Built Plans Volume 10,A-B - As-Built Plans and Construction,7. RFP Appendices (Contract Documents),
70,FB&L As-Built Plans Volume 11,A-B - As-Built Plans and Construction,7. RFP Appendices (Contract Documents),
71,FB&L As-Built Plans Volume 12,A-B - As-Built Plans and Construction,7. RFP Appendices (Contract Documents),
72,FB&L As-Built Plans Volume 13,A-B - As-Built Plans and Construction,7. RFP Appendices (Contract Documents),
73,FB&L As-Built Plans Volume 14a,A-B - As-Built Plans and Construction,7. RFP Appendices (Contract Documents),
74,FB&L As-Built Plans Volume 14b,A-B - As-Built Plans and Construction,7. RFP Appendices (Contract Documents),
75,FB&L As-Built Plans Volume 14c,A-B - As-Built Plans and Construction,7. RFP Appendices (Contract Documents),
76,FB&L As-Built Plans Volume 14d,A-B - As-Built Plans and Construction,7. RFP Appendices (Contract Documents),
77,FB&L As-Built Plans Volume 15,A-B - As-Built Plans and Construction,7. RFP Appendices (Contract Documents),
78,FB&L As-Built Plans Volume 15a,A-B - As-Built Plans and Construction,7. RFP Appendices (Contract Documents),
79,FB&L As-Built Plans Volume 16,A-B - As-Built Plans and Construction,7. RFP Appendices (Contract Documents),
80,FB&L As-Built Plans Volume 17,A-B - As-Built Plans and Construction,7. RFP Appendices (Contract Documents),
81,FB&L As-Built Plans Volume 18,A-B - As-Built Plans and Construction,7. RFP Appendices (Contract Documents),
82,FB&L As-Built Plans Volume 19,A-B - As-Built Plans and Construction,7. RFP Appendices (Contract Documents),
83,Montlake Blvd & 24th Ave Bridges,A-B - As-Built Plans and Construction,7. RFP Appendices (Contract Documents),
84,Montlake Property As-Builts,A-B - As-Built Plans and Construction,7. RFP Appendices (Contract Documents),
85,SR 520 Ramps Over Arboretum,A-B - As-Built Plans and Construction,7. RFP Appendices (Contract Documents),
86,Sound Transit Horizontal Vertical Control,A-B - As-Built Plans and Construction,7. RFP Appendices (Contract Documents),
87,Sound Transit ROW Plans,A-B - As-Built Plans and Construction,7. RFP Appendices (Contract Documents),
88,Sound Transit Tunnel Plan Profile,A-B - As-Built Plans and Construction,7. RFP Appendices (Contract Documents),
89,U220 Basis of Design Report,A-B - As-Built Plans and Construction,7. RFP Appendices (Contract Documents),
90,U220 Conformed Specifications,A-B - As-Built Plans and Construction,7. RFP Appendices (Contract Documents),
91,U220 Final Calcs Tunnels,A-B - As-Built Plans and Construction,7. RFP Appendices (Contract Documents),
92,U220 GBR IFC,A-B - As-Built Plans and Construction,7. RFP Appendices (Contract Documents),
93,U220 Precast Segmental Tunnel Lining Design,A-B - As-Built Plans and Construction,7. RFP Appendices (Contract Documents),
94,U220 TBM Tunnels Final As-Builts,A-B - As-Built Plans and Construction,7. RFP Appendices (Contract Documents),
95,U220 TBM Tunnels IFC Part 1,A-B - As-Built Plans and Construction,7. RFP Appendices (Contract Documents),
96,U220 TBM Tunnels IFC Part 2,A-B - As-Built Plans and Construction,7. RFP Appendices (Contract Documents),
97,Union Bay Bridge,A-B - As-Built Plans and Construction,7. RFP Appendices (Contract Documents),
98,WABN As-Built Plans Volume 01,A-B - As-Built Plans and Construction,7. RFP Appendices (Contract Documents),
99,WABN As-Built Plans Volume 02,A-B - As-Built Plans and Construction,7. RFP Appendices (Contract Documents),
100,WABN As-Built Plans Volume 03,A-B - As-Built Plans and Construction,7. RFP Appendices (Contract Documents),
101,WABN As-Built Plans Volume 04,A-B - As-Built Plans and Construction,7. RFP Appendices (Contract Documents),
102,WABN As-Built Plans Volume 05,A-B - As-Built Plans and Construction,7. RFP Appendices (Contract Documents),
103,WABN As-Built Plans Volume 06,A-B - As-Built Plans and Construction,7. RFP Appendices (Contract Documents),
104,WABN As-Built Plans Volume 07,A-B - As-Built Plans and Construction,7. RFP Appendices (Contract Documents),
105,WABN As-Built Plans Volume 08,A-B - As-Built Plans and Construction,7. RFP Appendices (Contract Documents),
106,WABN As-Built Plans Volume 09,A-B - As-Built Plans and Construction,7. RFP Appendices (Contract Documents),
107,WABN As-Built Plans Volume 10,A-B - As-Built Plans and Construction,7. RFP Appendices (Contract Documents),
108,WABN Calculations,A-B - As-Built Plans and Construction,7. RFP Appendices (Contract Documents),
109,WABN Construction Contract Plans,A-B - As-Built Plans and Construction,7. RFP Appendices (Contract Documents),
110,WABN Construction Contract Provisions,A-B - As-Built Plans and Construction,7. RFP Appendices (Contract Documents),
111,WABN DCRs & IDRs Part 1,A-B - As-Built Plans and Construction,7. RFP Appendices (Contract Documents),
112,WABN DCRs & IDRs Part 2,A-B - As-Built Plans and Construction,7. RFP Appendices (Contract Documents),
115,WABN RFI Log,A-B - As-Built Plans and Construction,7. RFP Appendices (Contract Documents),
116,WABN RFI Questions & Answers,A-B - As-Built Plans and Construction,7. RFP Appendices (Contract Documents),
117,WCB As-Built,A-B - As-Built Plans and Construction,7. RFP Appendices (Contract Documents),
118,WCB Disc Bearings,A-B - As-Built Plans and Construction,7. RFP Appendices (Contract Documents),
119,West Approach Bridge,A-B - As-Built Plans and Construction,7. RFP Appendices (Contract Documents),
121,General Special Provisions,B - Specifications,7. RFP Appendices (Contract Documents),
122,Instructions for GSP,B - Specifications,7. RFP Appendices (Contract Documents),
123,King County Metro Electrical Specification,B - Specifications,7. RFP Appendices (Contract Documents),
124,NWR Electrical GSP Instructions,B - Specifications,7. RFP Appendices (Contract Documents),
125,NWR Electrical General Special Provisions,B - Specifications,7. RFP Appendices (Contract Documents),
126,NWR ITS GSP,B - Specifications,7. RFP Appendices (Contract Documents),
127,NWR ITS GSP Instructions,B - Specifications,7. RFP Appendices (Contract Documents),
128,NWR Landscape GSP,B - Specifications,7. RFP Appendices (Contract Documents),
129,NWR Landscape GSP Instructions,B - Specifications,7. RFP Appendices (Contract Documents),
130,NWR Miscellaneous GSP,B - Specifications,7. RFP Appendices (Contract Documents),
131,NWR Miscellaneous GSP Instructions,B - Specifications,7. RFP Appendices (Contract Documents),
132,Seattle Standard Specifications 2017,B - Specifications,7. RFP Appendices (Contract Documents),
133,Standard Specifications (M 41-10),B - Specifications,7. RFP Appendices (Contract Documents),
134,Steel Escalation Cost Adjustment,B - Specifications,7. RFP Appendices (Contract Documents),
137,Bridge Deck Protection System,D - Manuals,7. RFP Appendices (Contract Documents),
138,Bridge Design Manual,D - Manuals,7. RFP Appendices (Contract Documents),
139,Bridge Design Minimum Requirements,D - Manuals,7. RFP Appendices (Contract Documents),
140,Bridge Inspection Manual,D - Manuals,7. RFP Appendices (Contract Documents),
141,Bridge Paving Projects,D - Manuals,7. RFP Appendices (Contract Documents),
142,Communications Manual,D - Manuals,7. RFP Appendices (Contract Documents),
143,Construction Manual,D - Manuals,7. RFP Appendices (Contract Documents),
144,DOE Sewage Works Design Criteria,D - Manuals,7. RFP Appendices (Contract Documents),
145,DOH Water System Manual,D - Manuals,7. RFP Appendices (Contract Documents),
146,Design Manual,D - Manuals,7. RFP Appendices (Contract Documents),
147,ET 31 ET Plus Guardrail Terminal Memo,D - Manuals,7. RFP Appendices (Contract Documents),
148,Electronic Engineering Data Standards,D - Manuals,7. RFP Appendices (Contract Documents),
149,Environmental Manual,D - Manuals,7. RFP Appendices (Contract Documents),
150,FHWA Flexibility In Highway Design,D - Manuals,7. RFP Appendices (Contract Documents),
151,FHWA MUTCD,D - Manuals,7. RFP Appendices (Contract Documents),
152,FHWA Traffic Control Systems Handbook,D - Manuals,7. RFP Appendices (Contract Documents),
153,Geotechnical Design Manual,D - Manuals,7. RFP Appendices (Contract Documents),
154,Highway Runoff Manual,D - Manuals,7. RFP Appendices (Contract Documents),
155,Highway Surveying Manual,D - Manuals,7. RFP Appendices (Contract Documents),
156,Hydraulics Manual,D - Manuals,7. RFP Appendices (Contract Documents),
157,King County Road Design Standards,D - Manuals,7. RFP Appendices (Contract Documents),
158,Local Agency Guidelines,D - Manuals,7. RFP Appendices (Contract Documents),
159,Maintenance Manual,D - Manuals,7. RFP Appendices (Contract Documents),
160,Materials Manual,D - Manuals,7. RFP Appendices (Contract Documents),
161,NWR Area 5 Vegetation Management Plan,D - Manuals,7. RFP Appendices (Contract Documents),
162,NWR HOV Design Guide,D - Manuals,7. RFP Appendices (Contract Documents),
163,Organizational Conflicts of Interest Manual,D - Manuals,7. RFP Appendices (Contract Documents),
164,Pavement Surface Condition Rating Manual,D - Manuals,7. RFP Appendices (Contract Documents),
165,Plans Preparation Manual,D - Manuals,7. RFP Appendices (Contract Documents),
166,Positive Moment Strand Extension,D - Manuals,7. RFP Appendices (Contract Documents),
167,Pre-Bent Stirrups Prestressed Girders,D - Manuals,7. RFP Appendices (Contract Documents),
168,Right of Way Manual,D - Manuals,7. RFP Appendices (Contract Documents),
169,Roadside Classification Plan,D - Manuals,7. RFP Appendices (Contract Documents),
170,Roadside Manual,D - Manuals,7. RFP Appendices (Contract Documents),
171,SDOT ADA Curb Ramp Assessment Policy,D - Manuals,7. RFP Appendices (Contract Documents),
172,SDOT APS Installation Requirements,D - Manuals,7. RFP Appendices (Contract Documents),
173,SDOT Companion Ramp Requirements,D - Manuals,7. RFP Appendices (Contract Documents),
174,SDOT Curb Ramp Construction Tolerances,D - Manuals,7. RFP Appendices (Contract Documents),
175,SDOT Curb Ramp Flares-Wings Policy,D - Manuals,7. RFP Appendices (Contract Documents),
176,SDOT Curb Ramps T-Intersections,D - Manuals,7. RFP Appendices (Contract Documents),
177,SDOT MEF Documentation Curb Ramp,D - Manuals,7. RFP Appendices (Contract Documents),
178,SPU Design Standards,D - Manuals,7. RFP Appendices (Contract Documents),
179,Scour Requirements,D - Manuals,7. RFP Appendices (Contract Documents),
180,Seattle CAD Manual,D - Manuals,7. RFP Appendices (Contract Documents),
181,Seattle City Light Stock Catalog,D - Manuals,7. RFP Appendices (Contract Documents),
182,Seattle ROW Improvements Manual,D - Manuals,7. RFP Appendices (Contract Documents),
183,Seattle ROWORR,D - Manuals,7. RFP Appendices (Contract Documents),
184,Seattle Standard Plans 2017,D - Manuals,7. RFP Appendices (Contract Documents),
185,Seattle Traffic Control Manual,D - Manuals,7. RFP Appendices (Contract Documents),
186,Sign Fabrication Manual,D - Manuals,7. RFP Appendices (Contract Documents),
187,Standard Plans,D - Manuals,7. RFP Appendices (Contract Documents),
188,Temporary Erosion Sediment Control Manual,D - Manuals,7. RFP Appendices (Contract Documents),
189,Traffic Manual,D - Manuals,7. RFP Appendices (Contract Documents),
190,Utilities Accommodation Policy,D - Manuals,7. RFP Appendices (Contract Documents),
191,Utilities Manual,D - Manuals,7. RFP Appendices (Contract Documents),
192,WA MUTCD Modifications,D - Manuals,7. RFP Appendices (Contract Documents),
193,Wide Flange Deck Bulb Tee Girders UHPC,D - Manuals,7. RFP Appendices (Contract Documents),
194,Work Zone Traffic Control Guidelines,D - Manuals,7. RFP Appendices (Contract Documents),
196,Administrative Order Amendment,E - Environmental,7. RFP Appendices (Contract Documents),
197,Analytical Data Lab 1805-191B,E - Environmental,7. RFP Appendices (Contract Documents),
198,Aquatic Wetland Mitigation Addendum 5,E - Environmental,7. RFP Appendices (Contract Documents),
199,Biological Assessment,E - Environmental,7. RFP Appendices (Contract Documents),
200,Bridge 513-10 Good Faith Survey,E - Environmental,7. RFP Appendices (Contract Documents),
201,Bridge 520 3 and 3E-N Survey,E - Environmental,7. RFP Appendices (Contract Documents),
202,Bridge 520 6A and 6N-E Survey,E - Environmental,7. RFP Appendices (Contract Documents),
203,Bridge 520-5 and 5A Survey,E - Environmental,7. RFP Appendices (Contract Documents),
204,Bridges 520 6 7.5N 7.5 7.7S Survey,E - Environmental,7. RFP Appendices (Contract Documents),
205,Bubble Curtain Plans,E - Environmental,7. RFP Appendices (Contract Documents),
206,Community Construction Management Plan,E - Environmental,7. RFP Appendices (Contract Documents),
207,Construction Noise Variance Decision,E - Environmental,7. RFP Appendices (Contract Documents),
208,DOE Petroleum Remediation Guidance,E - Environmental,7. RFP Appendices (Contract Documents),
209,Environmental Constraints Plan,E - Environmental,7. RFP Appendices (Contract Documents),
210,Environmental Project Description,E - Environmental,7. RFP Appendices (Contract Documents),
211,FB&L Demo Test Results,E - Environmental,7. RFP Appendices (Contract Documents),
212,Final Aquatic Mitigation Plan,E - Environmental,7. RFP Appendices (Contract Documents),
213,Final Environmental Impact Statement,E - Environmental,7. RFP Appendices (Contract Documents),
214,Final Wetland Mitigation Report,E - Environmental,7. RFP Appendices (Contract Documents),
215,Fish Exclusion Protocols Standards,E - Environmental,7. RFP Appendices (Contract Documents),
216,Foster Island Treatment Plan,E - Environmental,7. RFP Appendices (Contract Documents),
217,Hazardous Materials Baseline Report,E - Environmental,7. RFP Appendices (Contract Documents),
218,Hazardous Materials Report Addendum,E - Environmental,7. RFP Appendices (Contract Documents),
219,Historic Properties Archaeologically Sensitive Areas,E - Environmental,7. RFP Appendices (Contract Documents),
220,MTCA Exceedances WABN Geotechnical,E - Environmental,7. RFP Appendices (Contract Documents),
221,Montlake Phase Noise Variance Application,E - Environmental,7. RFP Appendices (Contract Documents),
222,NEPA FB&L Reevaluation,E - Environmental,7. RFP Appendices (Contract Documents),
223,NEPA-SEPA Additional Moorage Buoys,E - Environmental,7. RFP Appendices (Contract Documents),
224,NEPA-SEPA Channel Marker Repair,E - Environmental,7. RFP Appendices (Contract Documents),
225,NEPA-SEPA Construction Truck Trips,E - Environmental,7. RFP Appendices (Contract Documents),
226,NEPA-SEPA Eastside Haul Routes,E - Environmental,7. RFP Appendices (Contract Documents),
227,NEPA-SEPA Eastside Staging Area,E - Environmental,7. RFP Appendices (Contract Documents),
228,NEPA-SEPA FB&L Construction Changes,E - Environmental,7. RFP Appendices (Contract Documents),
229,NEPA-SEPA FB&L Final Design Features,E - Environmental,7. RFP Appendices (Contract Documents),
230,NEPA-SEPA FB&L Final Design Features,E - Environmental,7. RFP Appendices (Contract Documents),
231,NEPA-SEPA Floating Bridge Demolition,E - Environmental,7. RFP Appendices (Contract Documents),
232,NEPA-SEPA Geotechnical Investigation,E - Environmental,7. RFP Appendices (Contract Documents),
233,NEPA-SEPA Geotechnical Investigations,E - Environmental,7. RFP Appendices (Contract Documents),
234,NEPA-SEPA Kenmore Yard Reevaluation,E - Environmental,7. RFP Appendices (Contract Documents),
235,NEPA-SEPA Kenmore Yard Update,E - Environmental,7. RFP Appendices (Contract Documents),
236,NEPA-SEPA Kenmore Yard Update,E - Environmental,7. RFP Appendices (Contract Documents),
237,NEPA-SEPA Montlake Construction Limits,E - Environmental,7. RFP Appendices (Contract Documents),
238,NEPA-SEPA Montlake Market Closure,E - Environmental,7. RFP Appendices (Contract Documents),
239,NEPA-SEPA PATON Buoy Strings,E - Environmental,7. RFP Appendices (Contract Documents),
240,NEPA-SEPA Pontoon Repairs Coffer Cell,E - Environmental,7. RFP Appendices (Contract Documents),
241,NEPA-SEPA Pontoon Repairs Vigor,E - Environmental,7. RFP Appendices (Contract Documents),
242,NEPA-SEPA Pontoon Tacoma Blair Berth,E - Environmental,7. RFP Appendices (Contract Documents),
243,NEPA-SEPA Pontoon Tacoma Terminal 7,E - Environmental,7. RFP Appendices (Contract Documents),
244,NEPA-SEPA Rescind Stormwater Changes,E - Environmental,7. RFP Appendices (Contract Documents),
245,NEPA-SEPA Section 106 Amendment,E - Environmental,7. RFP Appendices (Contract Documents),
246,NEPA-SEPA Tolling Equipment,E - Environmental,7. RFP Appendices (Contract Documents),
247,NEPA-SEPA Tolling Equipment Installation,E - Environmental,7. RFP Appendices (Contract Documents),
248,NEPA-SEPA WABN,E - Environmental,7. RFP Appendices (Contract Documents),
249,NEPA-SEPA WABN Foster Island Design,E - Environmental,7. RFP Appendices (Contract Documents),
250,NEPA-SEPA WABN Foster Island Refinements,E - Environmental,7. RFP Appendices (Contract Documents),
251,NEPA-SEPA WABS Montlake Lid,E - Environmental,7. RFP Appendices (Contract Documents),
252,NEPA-SEPA WCB Reevaluation,E - Environmental,7. RFP Appendices (Contract Documents),
253,NEPA-SEPA Westside Staging Area,E - Environmental,7. RFP Appendices (Contract Documents),
254,NEPA-SEPA Wetland Mitigation Addendum,E - Environmental,7. RFP Appendices (Contract Documents),
255,NPDES Construction Stormwater Permit,E - Environmental,7. RFP Appendices (Contract Documents),
256,Neighborhood Traffic Management Plan,E - Environmental,7. RFP Appendices (Contract Documents),
257,Noise Variance Notification Map,E - Environmental,7. RFP Appendices (Contract Documents),
258,Permit Plans - Coast Guard,E - Environmental,7. RFP Appendices (Contract Documents),
259,Permit Plans - Corps,E - Environmental,7. RFP Appendices (Contract Documents),
260,Permit Plans - Seattle Shoreline,E - Environmental,7. RFP Appendices (Contract Documents),
261,Permit Plans - WDFW Ecology,E - Environmental,7. RFP Appendices (Contract Documents),
262,Phase I ESA Montlake Gas Station,E - Environmental,7. RFP Appendices (Contract Documents),
263,Phase II ESA - Exterior,E - Environmental,7. RFP Appendices (Contract Documents),
264,Phase II ESA East Montlake Place,E - Environmental,7. RFP Appendices (Contract Documents),
265,Phase II ESA Eastbound Off-Ramp,E - Environmental,7. RFP Appendices (Contract Documents),
266,Pile Driving Flow Chart,E - Environmental,7. RFP Appendices (Contract Documents),
267,Record of Decision,E - Environmental,7. RFP Appendices (Contract Documents),
268,Recycled Concrete Aggregate PCCP,E - Environmental,7. RFP Appendices (Contract Documents),
269,SEPA FB&L Addendum,E - Environmental,7. RFP Appendices (Contract Documents),
270,SEPA Public Place Authorization,E - Environmental,7. RFP Appendices (Contract Documents),
271,SEPA Public Place Designation,E - Environmental,7. RFP Appendices (Contract Documents),
272,Seattle Noise Variance Application Attachment,E - Environmental,7. RFP Appendices (Contract Documents),
273,Seattle Olmsted Park Furniture Standards,E - Environmental,7. RFP Appendices (Contract Documents),
274,Section 106 Agreement Amendment 1,E - Environmental,7. RFP Appendices (Contract Documents),
275,Section 106 Programmatic Agreement,E - Environmental,7. RFP Appendices (Contract Documents),
276,Sustainability Performance Relationships,E - Environmental,7. RFP Appendices (Contract Documents),
277,TESC Plan Narrative Template,E - Environmental,7. RFP Appendices (Contract Documents),
278,Tree Vegetation Management Protection Plan,E - Environmental,7. RFP Appendices (Contract Documents),
279,Unanticipated Discovery Plan,E - Environmental,7. RFP Appendices (Contract Documents),
280,WABN Construction Testing Results,E - Environmental,7. RFP Appendices (Contract Documents),
281,WABN Gas Monitoring Report 5,E - Environmental,7. RFP Appendices (Contract Documents),
282,WABN Landfill Gas Monitoring Logs,E - Environmental,7. RFP Appendices (Contract Documents),
283,West Approach ESA Reinitiation,E - Environmental,7. RFP Appendices (Contract Documents),
284,West Approach Salmonid Migration Zone,E - Environmental,7. RFP Appendices (Contract Documents),
285,Wetland Aquatic Mitigation Addendum 7&4,E - Environmental,7. RFP Appendices (Contract Documents),
287,Contract Bond Form,F - Forms,7. RFP Appendices (Contract Documents),
288,DRB Administrative Procedures,F - Forms,7. RFP Appendices (Contract Documents),
289,DRB State Member Scope,F - Forms,7. RFP Appendices (Contract Documents),
290,Environmental Site Assessment Form,F - Forms,7. RFP Appendices (Contract Documents),
291,Manufacturer Certificate Compliance Form,F - Forms,7. RFP Appendices (Contract Documents),
292,ROM Sample,F - Forms,7. RFP Appendices (Contract Documents),
293,Report of Survey Mark Form,F - Forms,7. RFP Appendices (Contract Documents),
294,Traffic Control Daily Log,F - Forms,7. RFP Appendices (Contract Documents),
295,Traffic Control Daily Report Summary,F - Forms,7. RFP Appendices (Contract Documents),
297,Existing Geotechnical Data Report,G - Geotechnical,7. RFP Appendices (Contract Documents),
298,Geotechnical Baseline Report,G - Geotechnical,7. RFP Appendices (Contract Documents),
299,Geotechnical Data Report,G - Geotechnical,7. RFP Appendices (Contract Documents),
300,Geotechnical Data Report Addendum,G - Geotechnical,7. RFP Appendices (Contract Documents),
301,Geotechnical Documents Limitations,G - Geotechnical,7. RFP Appendices (Contract Documents),
302,Montlake WABN Condition Survey,G - Geotechnical,7. RFP Appendices (Contract Documents),
303,Revised Seismic Ground Motions,G - Geotechnical,7. RFP Appendices (Contract Documents),
304,Seattle Yacht Club Bulkhead Inspection,G - Geotechnical,7. RFP Appendices (Contract Documents),
305,Seismic Design Technical Memorandum,G - Geotechnical,7. RFP Appendices (Contract Documents),
306,Summary Previous Construction Activities,G - Geotechnical,7. RFP Appendices (Contract Documents),
307,Supplemental Preliminary Engineering Memo,G - Geotechnical,7. RFP Appendices (Contract Documents),
308,Test Pile Geotechnical Data Report,G - Geotechnical,7. RFP Appendices (Contract Documents),
309,U-Link Moment-Thrust Capacity Calculations,G - Geotechnical,7. RFP Appendices (Contract Documents),
310,Union Bay Bridge Pile Driving Info,G - Geotechnical,7. RFP Appendices (Contract Documents),
311,WAB South Frame 5 Soil-Structure Modeling,G - Geotechnical,7. RFP Appendices (Contract Documents),
312,WABN 24th Ave Field Reports,G - Geotechnical,7. RFP Appendices (Contract Documents),
313,WABN 24th Ave Shoring Plan,G - Geotechnical,7. RFP Appendices (Contract Documents),
314,WABN Change Order 44,G - Geotechnical,7. RFP Appendices (Contract Documents),
315,WABN Construction Photos,G - Geotechnical,7. RFP Appendices (Contract Documents),
316,WABN Geotechnical Attach F App B,G - Geotechnical,7. RFP Appendices (Contract Documents),
317,WABN Geotechnical Attach F App D,G - Geotechnical,7. RFP Appendices (Contract Documents),
318,WABN Geotechnical Attach F App E,G - Geotechnical,7. RFP Appendices (Contract Documents),
319,WABN Geotechnical Engineering Report,G - Geotechnical,7. RFP Appendices (Contract Documents),
320,WABN Geotechnical Report Addendum,G - Geotechnical,7. RFP Appendices (Contract Documents),
321,WCB Geotechnical Report,G - Geotechnical,7. RFP Appendices (Contract Documents),
322,West Approach Bridge Pile Driving Info,G - Geotechnical,7. RFP Appendices (Contract Documents),
323,West Approach Geologic Characterization,G - Geotechnical,7. RFP Appendices (Contract Documents),
324,West Approach Geologic Characterization Addendum,G - Geotechnical,7. RFP Appendices (Contract Documents),
325,Westside Bike-Pedestrian Facilities Memo,G - Geotechnical,7. RFP Appendices (Contract Documents),
326,Westside Montlake Lid Land Bridge Memo,G - Geotechnical,7. RFP Appendices (Contract Documents),
327,Westside Stormwater Facilities Memo,G - Geotechnical,7. RFP Appendices (Contract Documents),
329,Conceptual Supplemental Hydraulic Report,H - Hydraulics,7. RFP Appendices (Contract Documents),
330,DIPRA Ductile Iron Pipe Supports,H - Hydraulics,7. RFP Appendices (Contract Documents),
331,Drainage Maintenance Manual Plan Sheets,H - Hydraulics,7. RFP Appendices (Contract Documents),
332,FB&L As-Built Hydraulic Report,H - Hydraulics,7. RFP Appendices (Contract Documents),
333,Hydraulic Report Template,H - Hydraulics,7. RFP Appendices (Contract Documents),
334,Program Level Hydraulic Report,H - Hydraulics,7. RFP Appendices (Contract Documents),
335,SPU Client Assistance Memo 1180,H - Hydraulics,7. RFP Appendices (Contract Documents),
336,Seattle Stormwater Manual,H - Hydraulics,7. RFP Appendices (Contract Documents),
337,WABN Hydraulic Report,H - Hydraulics,7. RFP Appendices (Contract Documents),
338,WABN Supplemental Hydraulic Report,H - Hydraulics,7. RFP Appendices (Contract Documents),
340,Advanced Inspection Illumination Signal Training,"I - Illumination, Electrical & ITS",7. RFP Appendices (Contract Documents),
341,Corridor Fiber Optic Communication Plan,"I - Illumination, Electrical & ITS",7. RFP Appendices (Contract Documents),
342,Design of Outdoor Lighting,"I - Illumination, Electrical & ITS",7. RFP Appendices (Contract Documents),
343,Illumination Design Supplement,"I - Illumination, Electrical & ITS",7. RFP Appendices (Contract Documents),
344,NWR Electrical Design Practices,"I - Illumination, Electrical & ITS",7. RFP Appendices (Contract Documents),
345,NWR ITS Design Requirements,"I - Illumination, Electrical & ITS",7. RFP Appendices (Contract Documents),
346,NWR ITS Details,"I - Illumination, Electrical & ITS",7. RFP Appendices (Contract Documents),
347,NWR Illumination Signal Details,"I - Illumination, Electrical & ITS",7. RFP Appendices (Contract Documents),
348,Power System Design,"I - Illumination, Electrical & ITS",7. RFP Appendices (Contract Documents),
349,SPR Electrical System Design Standard,"I - Illumination, Electrical & ITS",7. RFP Appendices (Contract Documents),
350,Seattle City Light Construction Standards,"I - Illumination, Electrical & ITS",7. RFP Appendices (Contract Documents),
351,Seattle City Light Material Standards,"I - Illumination, Electrical & ITS",7. RFP Appendices (Contract Documents),
352,Seattle City Light Service Connection Requirements,"I - Illumination, Electrical & ITS",7. RFP Appendices (Contract Documents),
353,Seattle City Light Service Standards,"I - Illumination, Electrical & ITS",7. RFP Appendices (Contract Documents),
354,Seattle Electrical Code,"I - Illumination, Electrical & ITS",7. RFP Appendices (Contract Documents),
355,Seattle ROW Lighting Design Guidelines,"I - Illumination, Electrical & ITS",7. RFP Appendices (Contract Documents),
357,Pavement Policy,J - Pavement,7. RFP Appendices (Contract Documents),
358,Pavement Project Specifications,J - Pavement,7. RFP Appendices (Contract Documents),
359,WABN Pavement Design Report,J - Pavement,7. RFP Appendices (Contract Documents),
361,Supplemental to Wages,K - Prevailing Wages,7. RFP Appendices (Contract Documents),
362,WA Prevailing Wages King County,K - Prevailing Wages,7. RFP Appendices (Contract Documents),
364,GCB 1895,L - Landscape and Urban Design,7. RFP Appendices (Contract Documents),
365,Landscape Maintenance Water Use Form,L - Landscape and Urban Design,7. RFP Appendices (Contract Documents),
366,Seattle Bicycle Guide Sign Practice,L - Landscape and Urban Design,7. RFP Appendices (Contract Documents),
367,Seattle Design Commission Report,L - Landscape and Urban Design,7. RFP Appendices (Contract Documents),
368,Seattle Parks Maintenance Utility Impact,L - Landscape and Urban Design,7. RFP Appendices (Contract Documents),
369,Seattle Parks Standard Details Plans,L - Landscape and Urban Design,7. RFP Appendices (Contract Documents),
370,Seattle Parks Technical Specifications,L - Landscape and Urban Design,7. RFP Appendices (Contract Documents),
371,Seattle Pedestrian Wayfinding Symbols,L - Landscape and Urban Design,7. RFP Appendices (Contract Documents),
372,Seattle Street Tree Manual,L - Landscape and Urban Design,7. RFP Appendices (Contract Documents),
373,Seattle Tree Replacement Executive Order,L - Landscape and Urban Design,7. RFP Appendices (Contract Documents),
374,UW Irrigation Design Guide,L - Landscape and Urban Design,7. RFP Appendices (Contract Documents),
375,UW Technical Specifications,L - Landscape and Urban Design,7. RFP Appendices (Contract Documents),
376,Urban Design Exhibits,L - Landscape and Urban Design,7. RFP Appendices (Contract Documents),
378,Conceptual Plans Volume 0,M - Conceptual Plans,7. RFP Appendices (Contract Documents),
379,Conceptual Plans Volume I,M - Conceptual Plans,7. RFP Appendices (Contract Documents),
380,Conceptual Plans Volume II,M - Conceptual Plans,7. RFP Appendices (Contract Documents),
381,Existing Bridge Demolition Plans,M - Conceptual Plans,7. RFP Appendices (Contract Documents),
382,Existing Walls to Remain Plan,M - Conceptual Plans,7. RFP Appendices (Contract Documents),
383,Future Four-Lane Plus Two HCT,M - Conceptual Plans,7. RFP Appendices (Contract Documents),
384,Future Six-Lane Plus Two HCT,M - Conceptual Plans,7. RFP Appendices (Contract Documents),
385,North Transit Facility Diagram,M - Conceptual Plans,7. RFP Appendices (Contract Documents),
386,Noxious Weed Infestation Map,M - Conceptual Plans,7. RFP Appendices (Contract Documents),
387,Permanent Barrier Modification Plan,M - Conceptual Plans,7. RFP Appendices (Contract Documents),
388,Portage Bay Bridge Conceptual Plans,M - Conceptual Plans,7. RFP Appendices (Contract Documents),
389,Sign Structure Connection Details,M - Conceptual Plans,7. RFP Appendices (Contract Documents),
390,WAB Pier Layouts Clearance Requirements,M - Conceptual Plans,7. RFP Appendices (Contract Documents),
391,West Approach Architectural Standards,M - Conceptual Plans,7. RFP Appendices (Contract Documents),
392,Work Access Pile Restriction Plan,M - Conceptual Plans,7. RFP Appendices (Contract Documents),
394,Seattle Design-Build Agreement,N - Local Agency Agreements,7. RFP Appendices (Contract Documents),
395,Street Use Permit General Conditions,N - Local Agency Agreements,7. RFP Appendices (Contract Documents),
396,Street Use Permit Special Conditions,N - Local Agency Agreements,7. RFP Appendices (Contract Documents),
398,Design Analysis 1,O - Design Documentation,7. RFP Appendices (Contract Documents),
399,Design Analysis 10,O - Design Documentation,7. RFP Appendices (Contract Documents),
400,Design Analysis 12,O - Design Documentation,7. RFP Appendices (Contract Documents),
401,Design Analysis 13,O - Design Documentation,7. RFP Appendices (Contract Documents),
402,Design Analysis 2,O - Design Documentation,7. RFP Appendices (Contract Documents),
403,Design Analysis 3 Revisions 1,O - Design Documentation,7. RFP Appendices (Contract Documents),
404,Design Analysis 4,O - Design Documentation,7. RFP Appendices (Contract Documents),
405,Design Analysis 5 Revisions 1,O - Design Documentation,7. RFP Appendices (Contract Documents),
406,Design Analysis 6,O - Design Documentation,7. RFP Appendices (Contract Documents),
407,Design Analysis 7,O - Design Documentation,7. RFP Appendices (Contract Documents),
408,Design Analysis 8,O - Design Documentation,7. RFP Appendices (Contract Documents),
409,Design Analysis 9,O - Design Documentation,7. RFP Appendices (Contract Documents),
410,Design Analysis Decision Template,O - Design Documentation,7. RFP Appendices (Contract Documents),
411,Design Approval Package,O - Design Documentation,7. RFP Appendices (Contract Documents),
412,Design Decision 24th Ave E,O - Design Documentation,7. RFP Appendices (Contract Documents),
413,Design Decision Direct Access Connector,O - Design Documentation,7. RFP Appendices (Contract Documents),
414,Design Decision E Lake Washington Blvd,O - Design Documentation,7. RFP Appendices (Contract Documents),
415,Design Decision WB Lane Reduction,O - Design Documentation,7. RFP Appendices (Contract Documents),
416,Design Decision WB Off-Ramp 24th Ave,O - Design Documentation,7. RFP Appendices (Contract Documents),
417,Design Decision WB Off-Ramp Montlake,O - Design Documentation,7. RFP Appendices (Contract Documents),
418,Design Documentation Package Checklist,O - Design Documentation,7. RFP Appendices (Contract Documents),
419,Design Parameter Template,O - Design Documentation,7. RFP Appendices (Contract Documents),
420,MEF Template,O - Design Documentation,7. RFP Appendices (Contract Documents),
421,MEF Worksheet,O - Design Documentation,7. RFP Appendices (Contract Documents),
422,NWR Channelization Plan Checklist,O - Design Documentation,7. RFP Appendices (Contract Documents),
423,PIF 1 Appendices Combined,O - Design Documentation,7. RFP Appendices (Contract Documents),
424,PIF 1 Mageba Expansion Joints,O - Design Documentation,7. RFP Appendices (Contract Documents),
425,Project File Checklist,O - Design Documentation,7. RFP Appendices (Contract Documents),
426,Proprietary Items Memo 1,O - Design Documentation,7. RFP Appendices (Contract Documents),
427,Proprietary Items Memo 1 Appendices,O - Design Documentation,7. RFP Appendices (Contract Documents),
428,Proprietary Items Memo 2,O - Design Documentation,7. RFP Appendices (Contract Documents),
429,Proprietary Items Memo 2 Appendices,O - Design Documentation,7. RFP Appendices (Contract Documents),
430,Proprietary Items Memo 3,O - Design Documentation,7. RFP Appendices (Contract Documents),
431,Proprietary Items Memo 3 Appendices,O - Design Documentation,7. RFP Appendices (Contract Documents),
432,Proprietary Items Memo 4,O - Design Documentation,7. RFP Appendices (Contract Documents),
433,Proprietary Items Memo 4 Appendices,O - Design Documentation,7. RFP Appendices (Contract Documents),
434,Proprietary Items Memo 5,O - Design Documentation,7. RFP Appendices (Contract Documents),
435,Proprietary Items Memo 5 Appendices,O - Design Documentation,7. RFP Appendices (Contract Documents),
436,State Furnished Signal Equipment Attachment,O - Design Documentation,7. RFP Appendices (Contract Documents),
437,State Furnished Signal Equipment Memo,O - Design Documentation,7. RFP Appendices (Contract Documents),
439,Corps Permit Modification,P - Permits and Approvals,7. RFP Appendices (Contract Documents),
441,NMFS Biological Opinion,P - Permits and Approvals,7. RFP Appendices (Contract Documents),
442,NMFS R001,P - Permits and Approvals,7. RFP Appendices (Contract Documents),
443,NMFS R002,P - Permits and Approvals,7. RFP Appendices (Contract Documents),
444,NMFS R003,P - Permits and Approvals,7. RFP Appendices (Contract Documents),
445,NMFS R004,P - Permits and Approvals,7. RFP Appendices (Contract Documents),
446,NMFS R005,P - Permits and Approvals,7. RFP Appendices (Contract Documents),
447,NMFS R006,P - Permits and Approvals,7. RFP Appendices (Contract Documents),
448,Seattle Master Use Permit WAB,P - Permits and Approvals,7. RFP Appendices (Contract Documents),
449,USCG Bridge Permit Amendment,P - Permits and Approvals,7. RFP Appendices (Contract Documents),
450,USCG General Bridge Permit,P - Permits and Approvals,7. RFP Appendices (Contract Documents),
451,USFWS Biological Opinion,P - Permits and Approvals,7. RFP Appendices (Contract Documents),
452,USFWS R001,P - Permits and Approvals,7. RFP Appendices (Contract Documents),
453,USFWS R002,P - Permits and Approvals,7. RFP Appendices (Contract Documents),
454,USFWS R003,P - Permits and Approvals,7. RFP Appendices (Contract Documents),
455,USFWS R004,P - Permits and Approvals,7. RFP Appendices (Contract Documents),
456,USFWS R005,P - Permits and Approvals,7. RFP Appendices (Contract Documents),
457,USFWS R006,P - Permits and Approvals,7. RFP Appendices (Contract Documents),
458,USFWS R007,P - Permits and Approvals,7. RFP Appendices (Contract Documents),
459,WDFW Hydraulic Project Approval,P - Permits and Approvals,7. RFP Appendices (Contract Documents),
460,Water Quality Cert Amendment 1,P - Permits and Approvals,7. RFP Appendices (Contract Documents),
461,Water Quality Cert Amendment 2,P - Permits and Approvals,7. RFP Appendices (Contract Documents),
462,Water Quality Cert Amendment 3,P - Permits and Approvals,7. RFP Appendices (Contract Documents),
463,Water Quality Cert Amendment 4,P - Permits and Approvals,7. RFP Appendices (Contract Documents),
464,Water Quality Cert Amendment 5,P - Permits and Approvals,7. RFP Appendices (Contract Documents),
465,Water Quality Cert Amendment 6,P - Permits and Approvals,7. RFP Appendices (Contract Documents),
467,Water Quality Certification Order 9011,P - Permits and Approvals,7. RFP Appendices (Contract Documents),
468,West Approach Shoreline Development Permit,P - Permits and Approvals,7. RFP Appendices (Contract Documents),
470,Aquatic Easement Amendment,R - Right-of-Way,7. RFP Appendices (Contract Documents),
471,Arboretum Deed,R - Right-of-Way,7. RFP Appendices (Contract Documents),
472,Arboretum E Montlake Park Deed,R - Right-of-Way,7. RFP Appendices (Contract Documents),
473,Foster Island Arboretum Deed,R - Right-of-Way,7. RFP Appendices (Contract Documents),
474,Foster Island Easement,R - Right-of-Way,7. RFP Appendices (Contract Documents),
475,Grant W-04299,R - Right-of-Way,7. RFP Appendices (Contract Documents),
476,Illegal Encampments ROW,R - Right-of-Way,7. RFP Appendices (Contract Documents),
477,McCurdy E Montlake Park Deed,R - Right-of-Way,7. RFP Appendices (Contract Documents),
478,McCurdy E Montlake Park Deed,R - Right-of-Way,7. RFP Appendices (Contract Documents),
479,McCurdy E Montlake Park Deed,R - Right-of-Way,7. RFP Appendices (Contract Documents),
480,McCurdy Park Deed,R - Right-of-Way,7. RFP Appendices (Contract Documents),
481,Old Canal Reserve Deed,R - Right-of-Way,7. RFP Appendices (Contract Documents),
482,RUP E Montlake Park,R - Right-of-Way,7. RFP Appendices (Contract Documents),
483,RUP Lake Washington Blvd,R - Right-of-Way,7. RFP Appendices (Contract Documents),
484,RUP Washington Park Arboretum,R - Right-of-Way,7. RFP Appendices (Contract Documents),
485,RUP Washington Park Arboretum WABN,R - Right-of-Way,7. RFP Appendices (Contract Documents),
486,Reports Survey Marks Primary Monumentation,R - Right-of-Way,7. RFP Appendices (Contract Documents),
487,SR 5 Record of Survey,R - Right-of-Way,7. RFP Appendices (Contract Documents),
488,SR 513 Record of Survey,R - Right-of-Way,7. RFP Appendices (Contract Documents),
489,SR 513 SR 520 to NE 45th ROW,R - Right-of-Way,7. RFP Appendices (Contract Documents),
490,SR 520 Evergreen Point Bridge ROW,R - Right-of-Way,7. RFP Appendices (Contract Documents),
491,SR 520 I-5 to Montlake ROW,R - Right-of-Way,7. RFP Appendices (Contract Documents),
492,SR 520 Montlake Vicinity Deed,R - Right-of-Way,7. RFP Appendices (Contract Documents),
493,SR 520 Montlake to Arboretum ROW,R - Right-of-Way,7. RFP Appendices (Contract Documents),
494,SR 520 Record of Survey,R - Right-of-Way,7. RFP Appendices (Contract Documents),
495,SR 520 SR 5 to 513 Record of Survey,R - Right-of-Way,7. RFP Appendices (Contract Documents),
496,SR 520 SR 5 to Evergreen Point ROW,R - Right-of-Way,7. RFP Appendices (Contract Documents),
497,Section 6F Record of Survey,R - Right-of-Way,7. RFP Appendices (Contract Documents),
498,Sound Transit Easement Montlake,R - Right-of-Way,7. RFP Appendices (Contract Documents),
499,Sound Transit Easement Old Canal Reserve,R - Right-of-Way,7. RFP Appendices (Contract Documents),
500,Sound Transit Light Rail Accommodation,R - Right-of-Way,7. RFP Appendices (Contract Documents),
501,Staging Areas Exhibit,R - Right-of-Way,7. RFP Appendices (Contract Documents),
502,State Sales Tax Rule 170 171 Map,R - Right-of-Way,7. RFP Appendices (Contract Documents),
503,TCE Construction Memo,R - Right-of-Way,7. RFP Appendices (Contract Documents),
504,TCE Leigh,R - Right-of-Way,7. RFP Appendices (Contract Documents),
505,WSDOT Sound Transit Airspace Lease,R - Right-of-Way,7. RFP Appendices (Contract Documents),
507,Design Criteria Essential Bridges,S - Structures,7. RFP Appendices (Contract Documents),
508,Existing Structural Elements Requirements,S - Structures,7. RFP Appendices (Contract Documents),
509,Light Rail Ready White Paper,S - Structures,7. RFP Appendices (Contract Documents),
510,Seismic Design Criteria Lid Bridges,S - Structures,7. RFP Appendices (Contract Documents),
511,Seismic Isolation Design Criteria,S - Structures,7. RFP Appendices (Contract Documents),
512,Sound Transit Design Criteria Manual,S - Structures,7. RFP Appendices (Contract Documents),
513,Structures Project Specifications,S - Structures,7. RFP Appendices (Contract Documents),
514,USCG Bridge Permit Application Guide,S - Structures,7. RFP Appendices (Contract Documents),
515,Underwater Sound Levels Pile Driving,S - Structures,7. RFP Appendices (Contract Documents),
516,Vessel Collision Data,S - Structures,7. RFP Appendices (Contract Documents),
517,WABN Global Analysis Summary,S - Structures,7. RFP Appendices (Contract Documents),
519,FHWA TMP Work Zones,T - Traffic,7. RFP Appendices (Contract Documents),
520,Interchange Justification Report,T - Traffic,7. RFP Appendices (Contract Documents),
521,King County Metro ITS Requirements,T - Traffic,7. RFP Appendices (Contract Documents),
522,MicroSimulation Guidelines,T - Traffic,7. RFP Appendices (Contract Documents),
523,Montlake Phase Traffic Operations Report,T - Traffic,7. RFP Appendices (Contract Documents),
524,NCHRP Report 350,T - Traffic,7. RFP Appendices (Contract Documents),
525,NWR Sign Design Practices Manual,T - Traffic,7. RFP Appendices (Contract Documents),
526,NWR Signing Current Practices,T - Traffic,7. RFP Appendices (Contract Documents),
527,NWR Traffic Operations Redbook,T - Traffic,7. RFP Appendices (Contract Documents),
528,Preferred Alternative Traffic Operations Report,T - Traffic,7. RFP Appendices (Contract Documents),
529,SDOT Discretionary Guide Signs,T - Traffic,7. RFP Appendices (Contract Documents),
530,SDOT Pedestrian Mobility Work Zones,T - Traffic,7. RFP Appendices (Contract Documents),
531,SDOT Sign Catalog,T - Traffic,7. RFP Appendices (Contract Documents),
532,SDOT VISSIM SCOOT Deployment Memo,T - Traffic,7. RFP Appendices (Contract Documents),
533,SIDRA Policy Settings,T - Traffic,7. RFP Appendices (Contract Documents),
534,Signal Turn-On Checklist,T - Traffic,7. RFP Appendices (Contract Documents),
535,Signing Inventory Form,T - Traffic,7. RFP Appendices (Contract Documents),
536,Speed Limit Reductions Work Zones,T - Traffic,7. RFP Appendices (Contract Documents),
537,State Force Work Memo 1,T - Traffic,7. RFP Appendices (Contract Documents),
538,State Force Work Memo 2,T - Traffic,7. RFP Appendices (Contract Documents),
539,VISSIM Confidence Calibration AM,T - Traffic,7. RFP Appendices (Contract Documents),
540,VISSIM Confidence Calibration Mid,T - Traffic,7. RFP Appendices (Contract Documents),
541,VISSIM Confidence Calibration PM,T - Traffic,7. RFP Appendices (Contract Documents),
542,VISSIM Confidence Calibration Report,T - Traffic,7. RFP Appendices (Contract Documents),
543,VISSIM Montlake Phase AM,T - Traffic,7. RFP Appendices (Contract Documents),
544,VISSIM Montlake Phase Mid,T - Traffic,7. RFP Appendices (Contract Documents),
545,VISSIM Montlake Phase PM,T - Traffic,7. RFP Appendices (Contract Documents),
546,VISSIM Preferred Alternative AM,T - Traffic,7. RFP Appendices (Contract Documents),
547,VISSIM Preferred Alternative Mid,T - Traffic,7. RFP Appendices (Contract Documents),
548,VISSIM Preferred Alternative PM,T - Traffic,7. RFP Appendices (Contract Documents),
549,WSDOT VISSIM Protocol,T - Traffic,7. RFP Appendices (Contract Documents),
550,WSP Traffic Control Assistance,T - Traffic,7. RFP Appendices (Contract Documents),
551,Work Zone Safety and Mobility,T - Traffic,7. RFP Appendices (Contract Documents),
553,Metro Transit Passenger Facility Details,TF - Transit Facilities,7. RFP Appendices (Contract Documents),
554,Metro Transit Passenger Facility Structural,TF - Transit Facilities,7. RFP Appendices (Contract Documents),
555,Metro Transit Signing Standards Manual,TF - Transit Facilities,7. RFP Appendices (Contract Documents),
556,Metro Transit Trolley Overhead Standards,TF - Transit Facilities,7. RFP Appendices (Contract Documents),
557,Metro Transportation Facility Design Guidelines,TF - Transit Facilities,7. RFP Appendices (Contract Documents),
559,108 Inch CSS CCTV Report,U - Utilities,7. RFP Appendices (Contract Documents),
560,114 Inch CSS CCTV Inspection,U - Utilities,7. RFP Appendices (Contract Documents),
561,114 Inch CSS CCTV Report,U - Utilities,7. RFP Appendices (Contract Documents),
562,42 Inch CSS CCTV Inspection,U - Utilities,7. RFP Appendices (Contract Documents),
563,42 Inch CSS CCTV Report,U - Utilities,7. RFP Appendices (Contract Documents),
564,CSS Water Line Potholing Locations,U - Utilities,7. RFP Appendices (Contract Documents),
565,CSS Water Line Potholing Results,U - Utilities,7. RFP Appendices (Contract Documents),
566,CenturyLink Fiber Optic As-Built,U - Utilities,7. RFP Appendices (Contract Documents),
567,CenturyLink Franchise Permits,U - Utilities,7. RFP Appendices (Contract Documents),
568,Comcast Cable Television As-Built,U - Utilities,7. RFP Appendices (Contract Documents),
569,Comcast Franchise Permits,U - Utilities,7. RFP Appendices (Contract Documents),
570,Comcast MOU,U - Utilities,7. RFP Appendices (Contract Documents),
571,FreshChoice Franchise,U - Utilities,7. RFP Appendices (Contract Documents),
572,Integra Telecom Franchise Permits,U - Utilities,7. RFP Appendices (Contract Documents),
573,KCWTD Design-Build Agreement,U - Utilities,7. RFP Appendices (Contract Documents),
574,KCWTD Feasibility Study,U - Utilities,7. RFP Appendices (Contract Documents),
575,King County Metro As-Built,U - Utilities,7. RFP Appendices (Contract Documents),
576,King County Metro Design-Build Agreement,U - Utilities,7. RFP Appendices (Contract Documents),
577,King County Metro Franchise Permits,U - Utilities,7. RFP Appendices (Contract Documents),
578,King County Sewer Siphon As-Built,U - Utilities,7. RFP Appendices (Contract Documents),
579,King County Sewer Siphon Photos,U - Utilities,7. RFP Appendices (Contract Documents),
580,LTS 360 Networks Franchise Permits,U - Utilities,7. RFP Appendices (Contract Documents),
581,PSE 24th Ave Franchise,U - Utilities,7. RFP Appendices (Contract Documents),
582,PSE Franchise Permits,U - Utilities,7. RFP Appendices (Contract Documents),
583,Puget Sound Energy Gas As-Built,U - Utilities,7. RFP Appendices (Contract Documents),
584,Puget Sound Energy MOU,U - Utilities,7. RFP Appendices (Contract Documents),
585,R2016 GM381 Utility Agreement,U - Utilities,7. RFP Appendices (Contract Documents),
586,R2016 SAS 5573 Utility Agreement,U - Utilities,7. RFP Appendices (Contract Documents),
587,R2016 SAU 5571 Utility Agreement,U - Utilities,7. RFP Appendices (Contract Documents),
588,R2016 SAU 5572 Utility Agreement,U - Utilities,7. RFP Appendices (Contract Documents),
589,R2016 SAU 5574 Utility Agreement,U - Utilities,7. RFP Appendices (Contract Documents),
590,R2016 SAU 5595 Utility Agreement,U - Utilities,7. RFP Appendices (Contract Documents),
591,R2016 SAU 5596 Utility Agreement,U - Utilities,7. RFP Appendices (Contract Documents),
592,R2016 SUA 645-S2 647-S1,U - Utilities,7. RFP Appendices (Contract Documents),
593,R2016 SUA 657 Sup1,U - Utilities,7. RFP Appendices (Contract Documents),
594,R2016 SUA 658 5594,U - Utilities,7. RFP Appendices (Contract Documents),
595,R2016 SUA 658 Sup1,U - Utilities,7. RFP Appendices (Contract Documents),
596,R2016 SUA 658 Sup2,U - Utilities,7. RFP Appendices (Contract Documents),
597,R2016 UTB1141 Utility Agreement,U - Utilities,7. RFP Appendices (Contract Documents),
598,R2016 UTB1169 Utility Agreement,U - Utilities,7. RFP Appendices (Contract Documents),
599,R2016 UTB1170 Utility Agreement,U - Utilities,7. RFP Appendices (Contract Documents),
600,R2016 Westside SUA Locations,U - Utilities,7. RFP Appendices (Contract Documents),
601,SAU 5690 Utility Agreement,U - Utilities,7. RFP Appendices (Contract Documents),
602,SAU 5691 Utility Agreement,U - Utilities,7. RFP Appendices (Contract Documents),
603,SPU 12-inch Distribution Main As-Built,U - Utilities,7. RFP Appendices (Contract Documents),
604,SPU 54-inch Transmission Main As-Built,U - Utilities,7. RFP Appendices (Contract Documents),
605,SPU Design-Build Agreement,U - Utilities,7. RFP Appendices (Contract Documents),
606,SPU Feasibility Study,U - Utilities,7. RFP Appendices (Contract Documents),
607,SPU Franchise Permits,U - Utilities,7. RFP Appendices (Contract Documents),
608,SPU Special Provisions,U - Utilities,7. RFP Appendices (Contract Documents),
609,Seattle City Light Design-Build Agreement,U - Utilities,7. RFP Appendices (Contract Documents),
610,Seattle City Light Electrical As-Built,U - Utilities,7. RFP Appendices (Contract Documents),
611,Seattle City Light Permits Franchises,U - Utilities,7. RFP Appendices (Contract Documents),
612,Seattle DOT Franchise Permits,U - Utilities,7. RFP Appendices (Contract Documents),
613,Seattle IT Design-Build Agreement,U - Utilities,7. RFP Appendices (Contract Documents),
614,Seattle IT Fiber Optic As-Built,U - Utilities,7. RFP Appendices (Contract Documents),
615,Sewer Line Min Cover Waterline Main,U - Utilities,7. RFP Appendices (Contract Documents),
616,Sound Transit Franchise Permits,U - Utilities,7. RFP Appendices (Contract Documents),
617,Sprint Nextel Franchise Permits,U - Utilities,7. RFP Appendices (Contract Documents),
618,T-Mobile Permit UP17579,U - Utilities,7. RFP Appendices (Contract Documents),
619,Traylor Frontier Kemper Permit,U - Utilities,7. RFP Appendices (Contract Documents),
620,Utility Assignment of Rights,U - Utilities,7. RFP Appendices (Contract Documents),
621,Utility Conflict Matrix,U - Utilities,7. RFP Appendices (Contract Documents),
622,Utility Contact List,U - Utilities,7. RFP Appendices (Contract Documents),
623,Verizon NW Franchise Permits,U - Utilities,7. RFP Appendices (Contract Documents),
624,WSDOT Permit Franchise Database,U - Utilities,7. RFP Appendices (Contract Documents),
625,XO Comm Franchise Permits,U - Utilities,7. RFP Appendices (Contract Documents),
628,FLS Ventilation Corridor Study,X - Montlake Underlid Systems,7. RFP Appendices (Contract Documents),
629,Montlake Lid Egress Study,X - Montlake Underlid Systems,7. RFP Appendices (Contract Documents),
630,Montlake Underlid Concept of Operations,X - Montlake Underlid Systems,7. RFP Appendices (Contract Documents),
631,Montlake Underlid Emergency Response,X - Montlake Underlid Systems,7. RFP Appendices (Contract Documents),
632,Montlake Underlid Fire Alarm Response,X - Montlake Underlid Systems,7. RFP Appendices (Contract Documents),
633,Montlake Underlid Simplex Control System,X - Montlake Underlid Systems,7. RFP Appendices (Contract Documents),
634,Seattle Fire Concurrence Letter 1,X - Montlake Underlid Systems,7. RFP Appendices (Contract Documents),
635,Seattle NFPA 502 Amendments,X - Montlake Underlid Systems,7. RFP Appendices (Contract Documents),
636,WABN Emergency Response Plan,X - Montlake Underlid Systems,7. RFP Appendices (Contract Documents),
7,WSDOT Identified Betterments (Exhibit B),,8. Design-Builder's Proposal Documents,TO BE IDENTIFIED LATER
