Doc_Number,Document_Name,Category,Document_Type,Status,Notes
004,Community Workforce Agreement,,Standard,Missing,Located in Appendix Z1
006,Appendix A1 (Appendices List),,Standard,Missing,13-page reference list (592 appendices)
007,WSDOT Identified Betterments (Exhibit B),,Standard,Missing,TO BE IDENTIFIED LATER
052,Electronic Files,A - Project Files,Appendix,Missing,
053,Photos,A - Project Files,Appendix,Missing,
054,SR520 Differential Level Report,A - Project Files,Appendix,Missing,
055,SR520 GPS Control Network,A - Project Files,Appendix,Missing,
057,FB&L As-Built Plans Volume 01,A-B - As-Built Plans and Construction,Appendix,Missing,
058,FB&L As-Built Plans Volume 02,A-B - As-Built Plans and Construction,Appendix,Missing,
059,FB&L As-Built Plans Volume 03,A-B - As-Built Plans and Construction,Appendix,Missing,
060,FB&L As-Built Plans Volume 04,A-B - As-Built Plans and Construction,Appendix,Missing,
061,FB&L As-Built Plans Volume 05,A-B - As-Built Plans and Construction,Appendix,Missing,
062,FB&L As-Built Plans Volume 06,A-B - As-Built Plans and Construction,Appendix,Missing,
063,FB&L As-Built Plans Volume 06a,A-B - As-Built Plans and Construction,Appendix,Missing,
064,FB&L As-Built Plans Volume 06b,A-B - As-Built Plans and Construction,Appendix,Missing,
065,FB&L As-Built Plans Volume 07,A-B - As-Built Plans and Construction,Appendix,Missing,
066,FB&L As-Built Plans Volume 07a,A-B - As-Built Plans and Construction,Appendix,Missing,
067,FB&L As-Built Plans Volume 08,A-B - As-Built Plans and Construction,Appendix,Missing,
068,FB&L As-Built Plans Volume 09,A-B - As-Built Plans and Construction,Appendix,Missing,
069,FB&L As-Built Plans Volume 10,A-B - As-Built Plans and Construction,Appendix,Missing,
070,FB&L As-Built Plans Volume 11,A-B - As-Built Plans and Construction,Appendix,Missing,
071,FB&L As-Built Plans Volume 12,A-B - As-Built Plans and Construction,Appendix,Missing,
072,FB&L As-Built Plans Volume 13,A-B - As-Built Plans and Construction,Appendix,Missing,
073,FB&L As-Built Plans Volume 14a,A-B - As-Built Plans and Construction,Appendix,Missing,
074,FB&L As-Built Plans Volume 14b,A-B - As-Built Plans and Construction,Appendix,Missing,
075,FB&L As-Built Plans Volume 14c,A-B - As-Built Plans and Construction,Appendix,Missing,
076,FB&L As-Built Plans Volume 14d,A-B - As-Built Plans and Construction,Appendix,Missing,
077,FB&L As-Built Plans Volume 15,A-B - As-Built Plans and Construction,Appendix,Missing,
078,FB&L As-Built Plans Volume 15a,A-B - As-Built Plans and Construction,Appendix,Missing,
079,FB&L As-Built Plans Volume 16,A-B - As-Built Plans and Construction,Appendix,Missing,
080,FB&L As-Built Plans Volume 17,A-B - As-Built Plans and Construction,Appendix,Missing,
081,FB&L As-Built Plans Volume 18,A-B - As-Built Plans and Construction,Appendix,Missing,
082,FB&L As-Built Plans Volume 19,A-B - As-Built Plans and Construction,Appendix,Missing,
083,Montlake Blvd & 24th Ave Bridges,A-B - As-Built Plans and Construction,Appendix,Missing,
084,Montlake Property As-Builts,A-B - As-Built Plans and Construction,Appendix,Missing,
085,SR 520 Ramps Over Arboretum,A-B - As-Built Plans and Construction,Appendix,Missing,
086,Sound Transit Horizontal Vertical Control,A-B - As-Built Plans and Construction,Appendix,Missing,
087,Sound Transit ROW Plans,A-B - As-Built Plans and Construction,Appendix,Missing,
088,Sound Transit Tunnel Plan Profile,A-B - As-Built Plans and Construction,Appendix,Missing,
089,U220 Basis of Design Report,A-B - As-Built Plans and Construction,Appendix,Missing,
090,U220 Conformed Specifications,A-B - As-Built Plans and Construction,Appendix,Missing,
091,U220 Final Calcs Tunnels,A-B - As-Built Plans and Construction,Appendix,Missing,
092,U220 GBR IFC,A-B - As-Built Plans and Construction,Appendix,Missing,
093,U220 Precast Segmental Tunnel Lining Design,A-B - As-Built Plans and Construction,Appendix,Missing,
094,U220 TBM Tunnels Final As-Builts,A-B - As-Built Plans and Construction,Appendix,Missing,
095,U220 TBM Tunnels IFC Part 1,A-B - As-Built Plans and Construction,Appendix,Missing,
096,U220 TBM Tunnels IFC Part 2,A-B - As-Built Plans and Construction,Appendix,Missing,
097,Union Bay Bridge,A-B - As-Built Plans and Construction,Appendix,Missing,
098,WABN As-Built Plans Volume 01,A-B - As-Built Plans and Construction,Appendix,Missing,
099,WABN As-Built Plans Volume 02,A-B - As-Built Plans and Construction,Appendix,Missing,
100,WABN As-Built Plans Volume 03,A-B - As-Built Plans and Construction,Appendix,Missing,
101,WABN As-Built Plans Volume 04,A-B - As-Built Plans and Construction,Appendix,Missing,
102,WABN As-Built Plans Volume 05,A-B - As-Built Plans and Construction,Appendix,Missing,
103,WABN As-Built Plans Volume 06,A-B - As-Built Plans and Construction,Appendix,Missing,
104,WABN As-Built Plans Volume 07,A-B - As-Built Plans and Construction,Appendix,Missing,
105,WABN As-Built Plans Volume 08,A-B - As-Built Plans and Construction,Appendix,Missing,
106,WABN As-Built Plans Volume 09,A-B - As-Built Plans and Construction,Appendix,Missing,
107,WABN As-Built Plans Volume 10,A-B - As-Built Plans and Construction,Appendix,Missing,
108,WABN Calculations,A-B - As-Built Plans and Construction,Appendix,Missing,
109,WABN Construction Contract Plans,A-B - As-Built Plans and Construction,Appendix,Missing,
110,WABN Construction Contract Provisions,A-B - As-Built Plans and Construction,Appendix,Missing,
111,WABN DCRs & IDRs Part 1,A-B - As-Built Plans and Construction,Appendix,Missing,
112,WABN DCRs & IDRs Part 2,A-B - As-Built Plans and Construction,Appendix,Missing,
115,WABN RFI Log,A-B - As-Built Plans and Construction,Appendix,Missing,
116,WABN RFI Questions & Answers,A-B - As-Built Plans and Construction,Appendix,Missing,
117,WCB As-Built,A-B - As-Built Plans and Construction,Appendix,Missing,
118,WCB Disc Bearings,A-B - As-Built Plans and Construction,Appendix,Missing,
119,West Approach Bridge,A-B - As-Built Plans and Construction,Appendix,Missing,
121,General Special Provisions,B - Specifications,Appendix,Missing,
122,Instructions for GSP,B - Specifications,Appendix,Missing,
123,King County Metro Electrical Specification,B - Specifications,Appendix,Missing,
124,NWR Electrical GSP Instructions,B - Specifications,Appendix,Missing,
125,NWR Electrical General Special Provisions,B - Specifications,Appendix,Missing,
126,NWR ITS GSP,B - Specifications,Appendix,Missing,
127,NWR ITS GSP Instructions,B - Specifications,Appendix,Missing,
128,NWR Landscape GSP,B - Specifications,Appendix,Missing,
129,NWR Landscape GSP Instructions,B - Specifications,Appendix,Missing,
130,NWR Miscellaneous GSP,B - Specifications,Appendix,Missing,
131,NWR Miscellaneous GSP Instructions,B - Specifications,Appendix,Missing,
132,Seattle Standard Specifications 2017,B - Specifications,Appendix,Missing,
133,Standard Specifications (M 41-10),B - Specifications,Appendix,Missing,
134,Steel Escalation Cost Adjustment,B - Specifications,Appendix,Missing,
137,Bridge Deck Protection System,D - Manuals,Appendix,Missing,
138,Bridge Design Manual,D - Manuals,Appendix,Missing,
139,Bridge Design Minimum Requirements,D - Manuals,Appendix,Missing,
140,Bridge Inspection Manual,D - Manuals,Appendix,Missing,
141,Bridge Paving Projects,D - Manuals,Appendix,Missing,
142,Communications Manual,D - Manuals,Appendix,Missing,
143,Construction Manual,D - Manuals,Appendix,Missing,
144,DOE Sewage Works Design Criteria,D - Manuals,Appendix,Missing,
145,DOH Water System Manual,D - Manuals,Appendix,Missing,
146,Design Manual,D - Manuals,Appendix,Missing,
147,ET 31 ET Plus Guardrail Terminal Memo,D - Manuals,Appendix,Missing,
148,Electronic Engineering Data Standards,D - Manuals,Appendix,Missing,
149,Environmental Manual,D - Manuals,Appendix,Missing,
150,FHWA Flexibility In Highway Design,D - Manuals,Appendix,Missing,
151,FHWA MUTCD,D - Manuals,Appendix,Missing,
152,FHWA Traffic Control Systems Handbook,D - Manuals,Appendix,Missing,
153,Geotechnical Design Manual,D - Manuals,Appendix,Missing,
154,Highway Runoff Manual,D - Manuals,Appendix,Missing,
155,Highway Surveying Manual,D - Manuals,Appendix,Missing,
156,Hydraulics Manual,D - Manuals,Appendix,Missing,
157,King County Road Design Standards,D - Manuals,Appendix,Missing,
158,Local Agency Guidelines,D - Manuals,Appendix,Missing,
159,Maintenance Manual,D - Manuals,Appendix,Missing,
160,Materials Manual,D - Manuals,Appendix,Missing,
161,NWR Area 5 Vegetation Management Plan,D - Manuals,Appendix,Missing,
162,NWR HOV Design Guide,D - Manuals,Appendix,Missing,
163,Organizational Conflicts of Interest Manual,D - Manuals,Appendix,Missing,
164,Pavement Surface Condition Rating Manual,D - Manuals,Appendix,Missing,
165,Plans Preparation Manual,D - Manuals,Appendix,Missing,
166,Positive Moment Strand Extension,D - Manuals,Appendix,Missing,
167,Pre-Bent Stirrups Prestressed Girders,D - Manuals,Appendix,Missing,
168,Right of Way Manual,D - Manuals,Appendix,Missing,
169,Roadside Classification Plan,D - Manuals,Appendix,Missing,
170,Roadside Manual,D - Manuals,Appendix,Missing,
171,SDOT ADA Curb Ramp Assessment Policy,D - Manuals,Appendix,Missing,
172,SDOT APS Installation Requirements,D - Manuals,Appendix,Missing,
173,SDOT Companion Ramp Requirements,D - Manuals,Appendix,Missing,
174,SDOT Curb Ramp Construction Tolerances,D - Manuals,Appendix,Missing,
175,SDOT Curb Ramp Flares-Wings Policy,D - Manuals,Appendix,Missing,
176,SDOT Curb Ramps T-Intersections,D - Manuals,Appendix,Missing,
177,SDOT MEF Documentation Curb Ramp,D - Manuals,Appendix,Missing,
178,SPU Design Standards,D - Manuals,Appendix,Missing,
179,Scour Requirements,D - Manuals,Appendix,Missing,
180,Seattle CAD Manual,D - Manuals,Appendix,Missing,
181,Seattle City Light Stock Catalog,D - Manuals,Appendix,Missing,
182,Seattle ROW Improvements Manual,D - Manuals,Appendix,Missing,
183,Seattle ROWORR,D - Manuals,Appendix,Missing,
184,Seattle Standard Plans 2017,D - Manuals,Appendix,Missing,
185,Seattle Traffic Control Manual,D - Manuals,Appendix,Missing,
186,Sign Fabrication Manual,D - Manuals,Appendix,Missing,
187,Standard Plans,D - Manuals,Appendix,Missing,
188,Temporary Erosion Sediment Control Manual,D - Manuals,Appendix,Missing,
189,Traffic Manual,D - Manuals,Appendix,Missing,
190,Utilities Accommodation Policy,D - Manuals,Appendix,Missing,
191,Utilities Manual,D - Manuals,Appendix,Missing,
192,WA MUTCD Modifications,D - Manuals,Appendix,Missing,
193,Wide Flange Deck Bulb Tee Girders UHPC,D - Manuals,Appendix,Missing,
194,Work Zone Traffic Control Guidelines,D - Manuals,Appendix,Missing,
196,Administrative Order Amendment,E - Environmental,Appendix,Missing,
197,Analytical Data Lab 1805-191B,E - Environmental,Appendix,Missing,
198,Aquatic Wetland Mitigation Addendum 5,E - Environmental,Appendix,Missing,
199,Biological Assessment,E - Environmental,Appendix,Missing,
200,Bridge 513-10 Good Faith Survey,E - Environmental,Appendix,Missing,
201,Bridge 520 3 and 3E-N Survey,E - Environmental,Appendix,Missing,
202,Bridge 520 6A and 6N-E Survey,E - Environmental,Appendix,Missing,
203,Bridge 520-5 and 5A Survey,E - Environmental,Appendix,Missing,
204,Bridges 520 6 7.5N 7.5 7.7S Survey,E - Environmental,Appendix,Missing,
205,Bubble Curtain Plans,E - Environmental,Appendix,Missing,
206,Community Construction Management Plan,E - Environmental,Appendix,Missing,
207,Construction Noise Variance Decision,E - Environmental,Appendix,Missing,
208,DOE Petroleum Remediation Guidance,E - Environmental,Appendix,Missing,
209,Environmental Constraints Plan,E - Environmental,Appendix,Missing,
210,Environmental Project Description,E - Environmental,Appendix,Missing,
211,FB&L Demo Test Results,E - Environmental,Appendix,Missing,
212,Final Aquatic Mitigation Plan,E - Environmental,Appendix,Missing,
213,Final Environmental Impact Statement,E - Environmental,Appendix,Missing,
214,Final Wetland Mitigation Report,E - Environmental,Appendix,Missing,
215,Fish Exclusion Protocols Standards,E - Environmental,Appendix,Missing,
216,Foster Island Treatment Plan,E - Environmental,Appendix,Missing,
217,Hazardous Materials Baseline Report,E - Environmental,Appendix,Missing,
218,Hazardous Materials Report Addendum,E - Environmental,Appendix,Missing,
219,Historic Properties Archaeologically Sensitive Areas,E - Environmental,Appendix,Missing,
220,MTCA Exceedances WABN Geotechnical,E - Environmental,Appendix,Missing,
221,Montlake Phase Noise Variance Application,E - Environmental,Appendix,Missing,
222,NEPA FB&L Reevaluation,E - Environmental,Appendix,Missing,
223,NEPA-SEPA Additional Moorage Buoys,E - Environmental,Appendix,Missing,
224,NEPA-SEPA Channel Marker Repair,E - Environmental,Appendix,Missing,
225,NEPA-SEPA Construction Truck Trips,E - Environmental,Appendix,Missing,
226,NEPA-SEPA Eastside Haul Routes,E - Environmental,Appendix,Missing,
227,NEPA-SEPA Eastside Staging Area,E - Environmental,Appendix,Missing,
228,NEPA-SEPA FB&L Construction Changes,E - Environmental,Appendix,Missing,
229,NEPA-SEPA FB&L Final Design Features,E - Environmental,Appendix,Missing,
230,NEPA-SEPA FB&L Final Design Features,E - Environmental,Appendix,Missing,
231,NEPA-SEPA Floating Bridge Demolition,E - Environmental,Appendix,Missing,
232,NEPA-SEPA Geotechnical Investigation,E - Environmental,Appendix,Missing,
233,NEPA-SEPA Geotechnical Investigations,E - Environmental,Appendix,Missing,
234,NEPA-SEPA Kenmore Yard Reevaluation,E - Environmental,Appendix,Missing,
235,NEPA-SEPA Kenmore Yard Update,E - Environmental,Appendix,Missing,
236,NEPA-SEPA Kenmore Yard Update,E - Environmental,Appendix,Missing,
237,NEPA-SEPA Montlake Construction Limits,E - Environmental,Appendix,Missing,
238,NEPA-SEPA Montlake Market Closure,E - Environmental,Appendix,Missing,
239,NEPA-SEPA PATON Buoy Strings,E - Environmental,Appendix,Missing,
240,NEPA-SEPA Pontoon Repairs Coffer Cell,E - Environmental,Appendix,Missing,
241,NEPA-SEPA Pontoon Repairs Vigor,E - Environmental,Appendix,Missing,
242,NEPA-SEPA Pontoon Tacoma Blair Berth,E - Environmental,Appendix,Missing,
243,NEPA-SEPA Pontoon Tacoma Terminal 7,E - Environmental,Appendix,Missing,
244,NEPA-SEPA Rescind Stormwater Changes,E - Environmental,Appendix,Missing,
245,NEPA-SEPA Section 106 Amendment,E - Environmental,Appendix,Missing,
246,NEPA-SEPA Tolling Equipment,E - Environmental,Appendix,Missing,
247,NEPA-SEPA Tolling Equipment Installation,E - Environmental,Appendix,Missing,
248,NEPA-SEPA WABN,E - Environmental,Appendix,Missing,
249,NEPA-SEPA WABN Foster Island Design,E - Environmental,Appendix,Missing,
250,NEPA-SEPA WABN Foster Island Refinements,E - Environmental,Appendix,Missing,
251,NEPA-SEPA WABS Montlake Lid,E - Environmental,Appendix,Missing,
252,NEPA-SEPA WCB Reevaluation,E - Environmental,Appendix,Missing,
253,NEPA-SEPA Westside Staging Area,E - Environmental,Appendix,Missing,
254,NEPA-SEPA Wetland Mitigation Addendum,E - Environmental,Appendix,Missing,
255,NPDES Construction Stormwater Permit,E - Environmental,Appendix,Missing,
256,Neighborhood Traffic Management Plan,E - Environmental,Appendix,Missing,
257,Noise Variance Notification Map,E - Environmental,Appendix,Missing,
258,Permit Plans - Coast Guard,E - Environmental,Appendix,Missing,
259,Permit Plans - Corps,E - Environmental,Appendix,Missing,
260,Permit Plans - Seattle Shoreline,E - Environmental,Appendix,Missing,
261,Permit Plans - WDFW Ecology,E - Environmental,Appendix,Missing,
262,Phase I ESA Montlake Gas Station,E - Environmental,Appendix,Missing,
263,Phase II ESA - Exterior,E - Environmental,Appendix,Missing,
264,Phase II ESA East Montlake Place,E - Environmental,Appendix,Missing,
265,Phase II ESA Eastbound Off-Ramp,E - Environmental,Appendix,Missing,
266,Pile Driving Flow Chart,E - Environmental,Appendix,Missing,
267,Record of Decision,E - Environmental,Appendix,Missing,
268,Recycled Concrete Aggregate PCCP,E - Environmental,Appendix,Missing,
269,SEPA FB&L Addendum,E - Environmental,Appendix,Missing,
270,SEPA Public Place Authorization,E - Environmental,Appendix,Missing,
271,SEPA Public Place Designation,E - Environmental,Appendix,Missing,
272,Seattle Noise Variance Application Attachment,E - Environmental,Appendix,Missing,
273,Seattle Olmsted Park Furniture Standards,E - Environmental,Appendix,Missing,
274,Section 106 Agreement Amendment 1,E - Environmental,Appendix,Missing,
275,Section 106 Programmatic Agreement,E - Environmental,Appendix,Missing,
276,Sustainability Performance Relationships,E - Environmental,Appendix,Missing,
277,TESC Plan Narrative Template,E - Environmental,Appendix,Missing,
278,Tree Vegetation Management Protection Plan,E - Environmental,Appendix,Missing,
279,Unanticipated Discovery Plan,E - Environmental,Appendix,Missing,
280,WABN Construction Testing Results,E - Environmental,Appendix,Missing,
281,WABN Gas Monitoring Report 5,E - Environmental,Appendix,Missing,
282,WABN Landfill Gas Monitoring Logs,E - Environmental,Appendix,Missing,
283,West Approach ESA Reinitiation,E - Environmental,Appendix,Missing,
284,West Approach Salmonid Migration Zone,E - Environmental,Appendix,Missing,
285,Wetland Aquatic Mitigation Addendum 7&4,E - Environmental,Appendix,Missing,
287,Contract Bond Form,F - Forms,Appendix,Missing,
288,DRB Administrative Procedures,F - Forms,Appendix,Missing,
289,DRB State Member Scope,F - Forms,Appendix,Missing,
290,Environmental Site Assessment Form,F - Forms,Appendix,Missing,
291,Manufacturer Certificate Compliance Form,F - Forms,Appendix,Missing,
292,ROM Sample,F - Forms,Appendix,Missing,
293,Report of Survey Mark Form,F - Forms,Appendix,Missing,
294,Traffic Control Daily Log,F - Forms,Appendix,Missing,
295,Traffic Control Daily Report Summary,F - Forms,Appendix,Missing,
297,Existing Geotechnical Data Report,G - Geotechnical,Appendix,Missing,
298,Geotechnical Baseline Report,G - Geotechnical,Appendix,Missing,
299,Geotechnical Data Report,G - Geotechnical,Appendix,Missing,
300,Geotechnical Data Report Addendum,G - Geotechnical,Appendix,Missing,
301,Geotechnical Documents Limitations,G - Geotechnical,Appendix,Missing,
302,Montlake WABN Condition Survey,G - Geotechnical,Appendix,Missing,
303,Revised Seismic Ground Motions,G - Geotechnical,Appendix,Missing,
304,Seattle Yacht Club Bulkhead Inspection,G - Geotechnical,Appendix,Missing,
305,Seismic Design Technical Memorandum,G - Geotechnical,Appendix,Missing,
306,Summary Previous Construction Activities,G - Geotechnical,Appendix,Missing,
307,Supplemental Preliminary Engineering Memo,G - Geotechnical,Appendix,Missing,
308,Test Pile Geotechnical Data Report,G - Geotechnical,Appendix,Missing,
309,U-Link Moment-Thrust Capacity Calculations,G - Geotechnical,Appendix,Missing,
310,Union Bay Bridge Pile Driving Info,G - Geotechnical,Appendix,Missing,
311,WAB South Frame 5 Soil-Structure Modeling,G - Geotechnical,Appendix,Missing,
312,WABN 24th Ave Field Reports,G - Geotechnical,Appendix,Missing,
313,WABN 24th Ave Shoring Plan,G - Geotechnical,Appendix,Missing,
314,WABN Change Order 44,G - Geotechnical,Appendix,Missing,
315,WABN Construction Photos,G - Geotechnical,Appendix,Missing,
316,WABN Geotechnical Attach F App B,G - Geotechnical,Appendix,Missing,
317,WABN Geotechnical Attach F App D,G - Geotechnical,Appendix,Missing,
318,WABN Geotechnical Attach F App E,G - Geotechnical,Appendix,Missing,
319,WABN Geotechnical Engineering Report,G - Geotechnical,Appendix,Missing,
320,WABN Geotechnical Report Addendum,G - Geotechnical,Appendix,Missing,
321,WCB Geotechnical Report,G - Geotechnical,Appendix,Missing,
322,West Approach Bridge Pile Driving Info,G - Geotechnical,Appendix,Missing,
323,West Approach Geologic Characterization,G - Geotechnical,Appendix,Missing,
324,West Approach Geologic Characterization Addendum,G - Geotechnical,Appendix,Missing,
325,Westside Bike-Pedestrian Facilities Memo,G - Geotechnical,Appendix,Missing,
326,Westside Montlake Lid Land Bridge Memo,G - Geotechnical,Appendix,Missing,
327,Westside Stormwater Facilities Memo,G - Geotechnical,Appendix,Missing,
329,Conceptual Supplemental Hydraulic Report,H - Hydraulics,Appendix,Missing,
330,DIPRA Ductile Iron Pipe Supports,H - Hydraulics,Appendix,Missing,
331,Drainage Maintenance Manual Plan Sheets,H - Hydraulics,Appendix,Missing,
332,FB&L As-Built Hydraulic Report,H - Hydraulics,Appendix,Missing,
333,Hydraulic Report Template,H - Hydraulics,Appendix,Missing,
334,Program Level Hydraulic Report,H - Hydraulics,Appendix,Missing,
335,SPU Client Assistance Memo 1180,H - Hydraulics,Appendix,Missing,
336,Seattle Stormwater Manual,H - Hydraulics,Appendix,Missing,
337,WABN Hydraulic Report,H - Hydraulics,Appendix,Missing,
338,WABN Supplemental Hydraulic Report,H - Hydraulics,Appendix,Missing,
340,Advanced Inspection Illumination Signal Training,"I - Illumination, Electrical & ITS",Appendix,Missing,
341,Corridor Fiber Optic Communication Plan,"I - Illumination, Electrical & ITS",Appendix,Missing,
342,Design of Outdoor Lighting,"I - Illumination, Electrical & ITS",Appendix,Missing,
343,Illumination Design Supplement,"I - Illumination, Electrical & ITS",Appendix,Missing,
344,NWR Electrical Design Practices,"I - Illumination, Electrical & ITS",Appendix,Missing,
345,NWR ITS Design Requirements,"I - Illumination, Electrical & ITS",Appendix,Missing,
346,NWR ITS Details,"I - Illumination, Electrical & ITS",Appendix,Missing,
347,NWR Illumination Signal Details,"I - Illumination, Electrical & ITS",Appendix,Missing,
348,Power System Design,"I - Illumination, Electrical & ITS",Appendix,Missing,
349,SPR Electrical System Design Standard,"I - Illumination, Electrical & ITS",Appendix,Missing,
350,Seattle City Light Construction Standards,"I - Illumination, Electrical & ITS",Appendix,Missing,
351,Seattle City Light Material Standards,"I - Illumination, Electrical & ITS",Appendix,Missing,
352,Seattle City Light Service Connection Requirements,"I - Illumination, Electrical & ITS",Appendix,Missing,
353,Seattle City Light Service Standards,"I - Illumination, Electrical & ITS",Appendix,Missing,
354,Seattle Electrical Code,"I - Illumination, Electrical & ITS",Appendix,Missing,
355,Seattle ROW Lighting Design Guidelines,"I - Illumination, Electrical & ITS",Appendix,Missing,
357,Pavement Policy,J - Pavement,Appendix,Missing,
358,Pavement Project Specifications,J - Pavement,Appendix,Missing,
359,WABN Pavement Design Report,J - Pavement,Appendix,Missing,
361,Supplemental to Wages,K - Prevailing Wages,Appendix,Missing,
362,WA Prevailing Wages King County,K - Prevailing Wages,Appendix,Missing,
364,GCB 1895,L - Landscape and Urban Design,Appendix,Missing,
365,Landscape Maintenance Water Use Form,L - Landscape and Urban Design,Appendix,Missing,
366,Seattle Bicycle Guide Sign Practice,L - Landscape and Urban Design,Appendix,Missing,
367,Seattle Design Commission Report,L - Landscape and Urban Design,Appendix,Missing,
368,Seattle Parks Maintenance Utility Impact,L - Landscape and Urban Design,Appendix,Missing,
369,Seattle Parks Standard Details Plans,L - Landscape and Urban Design,Appendix,Missing,
370,Seattle Parks Technical Specifications,L - Landscape and Urban Design,Appendix,Missing,
371,Seattle Pedestrian Wayfinding Symbols,L - Landscape and Urban Design,Appendix,Missing,
372,Seattle Street Tree Manual,L - Landscape and Urban Design,Appendix,Missing,
373,Seattle Tree Replacement Executive Order,L - Landscape and Urban Design,Appendix,Missing,
374,UW Irrigation Design Guide,L - Landscape and Urban Design,Appendix,Missing,
375,UW Technical Specifications,L - Landscape and Urban Design,Appendix,Missing,
376,Urban Design Exhibits,L - Landscape and Urban Design,Appendix,Missing,
378,Conceptual Plans Volume 0,M - Conceptual Plans,Appendix,Missing,
379,Conceptual Plans Volume I,M - Conceptual Plans,Appendix,Missing,
380,Conceptual Plans Volume II,M - Conceptual Plans,Appendix,Missing,
381,Existing Bridge Demolition Plans,M - Conceptual Plans,Appendix,Missing,
382,Existing Walls to Remain Plan,M - Conceptual Plans,Appendix,Missing,
383,Future Four-Lane Plus Two HCT,M - Conceptual Plans,Appendix,Missing,
384,Future Six-Lane Plus Two HCT,M - Conceptual Plans,Appendix,Missing,
385,North Transit Facility Diagram,M - Conceptual Plans,Appendix,Missing,
386,Noxious Weed Infestation Map,M - Conceptual Plans,Appendix,Missing,
387,Permanent Barrier Modification Plan,M - Conceptual Plans,Appendix,Missing,
388,Portage Bay Bridge Conceptual Plans,M - Conceptual Plans,Appendix,Missing,
389,Sign Structure Connection Details,M - Conceptual Plans,Appendix,Missing,
390,WAB Pier Layouts Clearance Requirements,M - Conceptual Plans,Appendix,Missing,
391,West Approach Architectural Standards,M - Conceptual Plans,Appendix,Missing,
392,Work Access Pile Restriction Plan,M - Conceptual Plans,Appendix,Missing,
394,Seattle Design-Build Agreement,N - Local Agency Agreements,Appendix,Missing,
395,Street Use Permit General Conditions,N - Local Agency Agreements,Appendix,Missing,
396,Street Use Permit Special Conditions,N - Local Agency Agreements,Appendix,Missing,
398,Design Analysis 1,O - Design Documentation,Appendix,Missing,
399,Design Analysis 10,O - Design Documentation,Appendix,Missing,
400,Design Analysis 12,O - Design Documentation,Appendix,Missing,
401,Design Analysis 13,O - Design Documentation,Appendix,Missing,
402,Design Analysis 2,O - Design Documentation,Appendix,Missing,
403,Design Analysis 3 Revisions 1,O - Design Documentation,Appendix,Missing,
404,Design Analysis 4,O - Design Documentation,Appendix,Missing,
405,Design Analysis 5 Revisions 1,O - Design Documentation,Appendix,Missing,
406,Design Analysis 6,O - Design Documentation,Appendix,Missing,
407,Design Analysis 7,O - Design Documentation,Appendix,Missing,
408,Design Analysis 8,O - Design Documentation,Appendix,Missing,
409,Design Analysis 9,O - Design Documentation,Appendix,Missing,
410,Design Analysis Decision Template,O - Design Documentation,Appendix,Missing,
411,Design Approval Package,O - Design Documentation,Appendix,Missing,
412,Design Decision 24th Ave E,O - Design Documentation,Appendix,Missing,
413,Design Decision Direct Access Connector,O - Design Documentation,Appendix,Missing,
414,Design Decision E Lake Washington Blvd,O - Design Documentation,Appendix,Missing,
415,Design Decision WB Lane Reduction,O - Design Documentation,Appendix,Missing,
416,Design Decision WB Off-Ramp 24th Ave,O - Design Documentation,Appendix,Missing,
417,Design Decision WB Off-Ramp Montlake,O - Design Documentation,Appendix,Missing,
418,Design Documentation Package Checklist,O - Design Documentation,Appendix,Missing,
419,Design Parameter Template,O - Design Documentation,Appendix,Missing,
420,MEF Template,O - Design Documentation,Appendix,Missing,
421,MEF Worksheet,O - Design Documentation,Appendix,Missing,
422,NWR Channelization Plan Checklist,O - Design Documentation,Appendix,Missing,
423,PIF 1 Appendices Combined,O - Design Documentation,Appendix,Missing,
424,PIF 1 Mageba Expansion Joints,O - Design Documentation,Appendix,Missing,
425,Project File Checklist,O - Design Documentation,Appendix,Missing,
426,Proprietary Items Memo 1,O - Design Documentation,Appendix,Missing,
427,Proprietary Items Memo 1 Appendices,O - Design Documentation,Appendix,Missing,
428,Proprietary Items Memo 2,O - Design Documentation,Appendix,Missing,
429,Proprietary Items Memo 2 Appendices,O - Design Documentation,Appendix,Missing,
430,Proprietary Items Memo 3,O - Design Documentation,Appendix,Missing,
431,Proprietary Items Memo 3 Appendices,O - Design Documentation,Appendix,Missing,
432,Proprietary Items Memo 4,O - Design Documentation,Appendix,Missing,
433,Proprietary Items Memo 4 Appendices,O - Design Documentation,Appendix,Missing,
434,Proprietary Items Memo 5,O - Design Documentation,Appendix,Missing,
435,Proprietary Items Memo 5 Appendices,O - Design Documentation,Appendix,Missing,
436,State Furnished Signal Equipment Attachment,O - Design Documentation,Appendix,Missing,
437,State Furnished Signal Equipment Memo,O - Design Documentation,Appendix,Missing,
439,Corps Permit Modification,P - Permits and Approvals,Appendix,Missing,
441,NMFS Biological Opinion,P - Permits and Approvals,Appendix,Missing,
442,NMFS R001,P - Permits and Approvals,Appendix,Missing,
443,NMFS R002,P - Permits and Approvals,Appendix,Missing,
444,NMFS R003,P - Permits and Approvals,Appendix,Missing,
445,NMFS R004,P - Permits and Approvals,Appendix,Missing,
446,NMFS R005,P - Permits and Approvals,Appendix,Missing,
447,NMFS R006,P - Permits and Approvals,Appendix,Missing,
448,Seattle Master Use Permit WAB,P - Permits and Approvals,Appendix,Missing,
449,USCG Bridge Permit Amendment,P - Permits and Approvals,Appendix,Missing,
450,USCG General Bridge Permit,P - Permits and Approvals,Appendix,Missing,
451,USFWS Biological Opinion,P - Permits and Approvals,Appendix,Missing,
452,USFWS R001,P - Permits and Approvals,Appendix,Missing,
453,USFWS R002,P - Permits and Approvals,Appendix,Missing,
454,USFWS R003,P - Permits and Approvals,Appendix,Missing,
455,USFWS R004,P - Permits and Approvals,Appendix,Missing,
456,USFWS R005,P - Permits and Approvals,Appendix,Missing,
457,USFWS R006,P - Permits and Approvals,Appendix,Missing,
458,USFWS R007,P - Permits and Approvals,Appendix,Missing,
459,WDFW Hydraulic Project Approval,P - Permits and Approvals,Appendix,Missing,
460,Water Quality Cert Amendment 1,P - Permits and Approvals,Appendix,Missing,
461,Water Quality Cert Amendment 2,P - Permits and Approvals,Appendix,Missing,
462,Water Quality Cert Amendment 3,P - Permits and Approvals,Appendix,Missing,
463,Water Quality Cert Amendment 4,P - Permits and Approvals,Appendix,Missing,
464,Water Quality Cert Amendment 5,P - Permits and Approvals,Appendix,Missing,
465,Water Quality Cert Amendment 6,P - Permits and Approvals,Appendix,Missing,
467,Water Quality Certification Order 9011,P - Permits and Approvals,Appendix,Missing,
468,West Approach Shoreline Development Permit,P - Permits and Approvals,Appendix,Missing,
470,Aquatic Easement Amendment,R - Right-of-Way,Appendix,Missing,
471,Arboretum Deed,R - Right-of-Way,Appendix,Missing,
472,Arboretum E Montlake Park Deed,R - Right-of-Way,Appendix,Missing,
473,Foster Island Arboretum Deed,R - Right-of-Way,Appendix,Missing,
474,Foster Island Easement,R - Right-of-Way,Appendix,Missing,
475,Grant W-04299,R - Right-of-Way,Appendix,Missing,
476,Illegal Encampments ROW,R - Right-of-Way,Appendix,Missing,
477,McCurdy E Montlake Park Deed,R - Right-of-Way,Appendix,Missing,
478,McCurdy E Montlake Park Deed,R - Right-of-Way,Appendix,Missing,
479,McCurdy E Montlake Park Deed,R - Right-of-Way,Appendix,Missing,
480,McCurdy Park Deed,R - Right-of-Way,Appendix,Missing,
481,Old Canal Reserve Deed,R - Right-of-Way,Appendix,Missing,
482,RUP E Montlake Park,R - Right-of-Way,Appendix,Missing,
483,RUP Lake Washington Blvd,R - Right-of-Way,Appendix,Missing,
484,RUP Washington Park Arboretum,R - Right-of-Way,Appendix,Missing,
485,RUP Washington Park Arboretum WABN,R - Right-of-Way,Appendix,Missing,
486,Reports Survey Marks Primary Monumentation,R - Right-of-Way,Appendix,Missing,
487,SR 5 Record of Survey,R - Right-of-Way,Appendix,Missing,
488,SR 513 Record of Survey,R - Right-of-Way,Appendix,Missing,
489,SR 513 SR 520 to NE 45th ROW,R - Right-of-Way,Appendix,Missing,
490,SR 520 Evergreen Point Bridge ROW,R - Right-of-Way,Appendix,Missing,
491,SR 520 I-5 to Montlake ROW,R - Right-of-Way,Appendix,Missing,
492,SR 520 Montlake Vicinity Deed,R - Right-of-Way,Appendix,Missing,
493,SR 520 Montlake to Arboretum ROW,R - Right-of-Way,Appendix,Missing,
494,SR 520 Record of Survey,R - Right-of-Way,Appendix,Missing,
495,SR 520 SR 5 to 513 Record of Survey,R - Right-of-Way,Appendix,Missing,
496,SR 520 SR 5 to Evergreen Point ROW,R - Right-of-Way,Appendix,Missing,
497,Section 6F Record of Survey,R - Right-of-Way,Appendix,Missing,
498,Sound Transit Easement Montlake,R - Right-of-Way,Appendix,Missing,
499,Sound Transit Easement Old Canal Reserve,R - Right-of-Way,Appendix,Missing,
500,Sound Transit Light Rail Accommodation,R - Right-of-Way,Appendix,Missing,
501,Staging Areas Exhibit,R - Right-of-Way,Appendix,Missing,
502,State Sales Tax Rule 170 171 Map,R - Right-of-Way,Appendix,Missing,
503,TCE Construction Memo,R - Right-of-Way,Appendix,Missing,
504,TCE Leigh,R - Right-of-Way,Appendix,Missing,
505,WSDOT Sound Transit Airspace Lease,R - Right-of-Way,Appendix,Missing,
507,Design Criteria Essential Bridges,S - Structures,Appendix,Missing,
508,Existing Structural Elements Requirements,S - Structures,Appendix,Missing,
509,Light Rail Ready White Paper,S - Structures,Appendix,Missing,
510,Seismic Design Criteria Lid Bridges,S - Structures,Appendix,Missing,
511,Seismic Isolation Design Criteria,S - Structures,Appendix,Missing,
512,Sound Transit Design Criteria Manual,S - Structures,Appendix,Missing,
513,Structures Project Specifications,S - Structures,Appendix,Missing,
514,USCG Bridge Permit Application Guide,S - Structures,Appendix,Missing,
515,Underwater Sound Levels Pile Driving,S - Structures,Appendix,Missing,
516,Vessel Collision Data,S - Structures,Appendix,Missing,
517,WABN Global Analysis Summary,S - Structures,Appendix,Missing,
519,FHWA TMP Work Zones,T - Traffic,Appendix,Missing,
520,Interchange Justification Report,T - Traffic,Appendix,Missing,
521,King County Metro ITS Requirements,T - Traffic,Appendix,Missing,
522,MicroSimulation Guidelines,T - Traffic,Appendix,Missing,
523,Montlake Phase Traffic Operations Report,T - Traffic,Appendix,Missing,
524,NCHRP Report 350,T - Traffic,Appendix,Missing,
525,NWR Sign Design Practices Manual,T - Traffic,Appendix,Missing,
526,NWR Signing Current Practices,T - Traffic,Appendix,Missing,
527,NWR Traffic Operations Redbook,T - Traffic,Appendix,Missing,
528,Preferred Alternative Traffic Operations Report,T - Traffic,Appendix,Missing,
529,SDOT Discretionary Guide Signs,T - Traffic,Appendix,Missing,
530,SDOT Pedestrian Mobility Work Zones,T - Traffic,Appendix,Missing,
531,SDOT Sign Catalog,T - Traffic,Appendix,Missing,
532,SDOT VISSIM SCOOT Deployment Memo,T - Traffic,Appendix,Missing,
533,SIDRA Policy Settings,T - Traffic,Appendix,Missing,
534,Signal Turn-On Checklist,T - Traffic,Appendix,Missing,
535,Signing Inventory Form,T - Traffic,Appendix,Missing,
536,Speed Limit Reductions Work Zones,T - Traffic,Appendix,Missing,
537,State Force Work Memo 1,T - Traffic,Appendix,Missing,
538,State Force Work Memo 2,T - Traffic,Appendix,Missing,
539,VISSIM Confidence Calibration AM,T - Traffic,Appendix,Missing,
540,VISSIM Confidence Calibration Mid,T - Traffic,Appendix,Missing,
541,VISSIM Confidence Calibration PM,T - Traffic,Appendix,Missing,
542,VISSIM Confidence Calibration Report,T - Traffic,Appendix,Missing,
543,VISSIM Montlake Phase AM,T - Traffic,Appendix,Missing,
544,VISSIM Montlake Phase Mid,T - Traffic,Appendix,Missing,
545,VISSIM Montlake Phase PM,T - Traffic,Appendix,Missing,
546,VISSIM Preferred Alternative AM,T - Traffic,Appendix,Missing,
547,VISSIM Preferred Alternative Mid,T - Traffic,Appendix,Missing,
548,VISSIM Preferred Alternative PM,T - Traffic,Appendix,Missing,
549,WSDOT VISSIM Protocol,T - Traffic,Appendix,Missing,
550,WSP Traffic Control Assistance,T - Traffic,Appendix,Missing,
551,Work Zone Safety and Mobility,T - Traffic,Appendix,Missing,
553,Metro Transit Passenger Facility Details,TF - Transit Facilities,Appendix,Missing,
554,Metro Transit Passenger Facility Structural,TF - Transit Facilities,Appendix,Missing,
555,Metro Transit Signing Standards Manual,TF - Transit Facilities,Appendix,Missing,
556,Metro Transit Trolley Overhead Standards,TF - Transit Facilities,Appendix,Missing,
557,Metro Transportation Facility Design Guidelines,TF - Transit Facilities,Appendix,Missing,
559,108 Inch CSS CCTV Report,U - Utilities,Appendix,Missing,
560,114 Inch CSS CCTV Inspection,U - Utilities,Appendix,Missing,
561,114 Inch CSS CCTV Report,U - Utilities,Appendix,Missing,
562,42 Inch CSS CCTV Inspection,U - Utilities,Appendix,Missing,
563,42 Inch CSS CCTV Report,U - Utilities,Appendix,Missing,
564,CSS Water Line Potholing Locations,U - Utilities,Appendix,Missing,
565,CSS Water Line Potholing Results,U - Utilities,Appendix,Missing,
566,CenturyLink Fiber Optic As-Built,U - Utilities,Appendix,Missing,
567,CenturyLink Franchise Permits,U - Utilities,Appendix,Missing,
568,Comcast Cable Television As-Built,U - Utilities,Appendix,Missing,
569,Comcast Franchise Permits,U - Utilities,Appendix,Missing,
570,Comcast MOU,U - Utilities,Appendix,Missing,
571,FreshChoice Franchise,U - Utilities,Appendix,Missing,
572,Integra Telecom Franchise Permits,U - Utilities,Appendix,Missing,
573,KCWTD Design-Build Agreement,U - Utilities,Appendix,Missing,
574,KCWTD Feasibility Study,U - Utilities,Appendix,Missing,
575,King County Metro As-Built,U - Utilities,Appendix,Missing,
576,King County Metro Design-Build Agreement,U - Utilities,Appendix,Missing,
577,King County Metro Franchise Permits,U - Utilities,Appendix,Missing,
578,King County Sewer Siphon As-Built,U - Utilities,Appendix,Missing,
579,King County Sewer Siphon Photos,U - Utilities,Appendix,Missing,
580,LTS 360 Networks Franchise Permits,U - Utilities,Appendix,Missing,
581,PSE 24th Ave Franchise,U - Utilities,Appendix,Missing,
582,PSE Franchise Permits,U - Utilities,Appendix,Missing,
583,Puget Sound Energy Gas As-Built,U - Utilities,Appendix,Missing,
584,Puget Sound Energy MOU,U - Utilities,Appendix,Missing,
585,R2016 GM381 Utility Agreement,U - Utilities,Appendix,Missing,
586,R2016 SAS 5573 Utility Agreement,U - Utilities,Appendix,Missing,
587,R2016 SAU 5571 Utility Agreement,U - Utilities,Appendix,Missing,
588,R2016 SAU 5572 Utility Agreement,U - Utilities,Appendix,Missing,
589,R2016 SAU 5574 Utility Agreement,U - Utilities,Appendix,Missing,
590,R2016 SAU 5595 Utility Agreement,U - Utilities,Appendix,Missing,
591,R2016 SAU 5596 Utility Agreement,U - Utilities,Appendix,Missing,
592,R2016 SUA 645-S2 647-S1,U - Utilities,Appendix,Missing,
593,R2016 SUA 657 Sup1,U - Utilities,Appendix,Missing,
594,R2016 SUA 658 5594,U - Utilities,Appendix,Missing,
595,R2016 SUA 658 Sup1,U - Utilities,Appendix,Missing,
596,R2016 SUA 658 Sup2,U - Utilities,Appendix,Missing,
597,R2016 UTB1141 Utility Agreement,U - Utilities,Appendix,Missing,
598,R2016 UTB1169 Utility Agreement,U - Utilities,Appendix,Missing,
599,R2016 UTB1170 Utility Agreement,U - Utilities,Appendix,Missing,
600,R2016 Westside SUA Locations,U - Utilities,Appendix,Missing,
601,SAU 5690 Utility Agreement,U - Utilities,Appendix,Missing,
602,SAU 5691 Utility Agreement,U - Utilities,Appendix,Missing,
603,SPU 12-inch Distribution Main As-Built,U - Utilities,Appendix,Missing,
604,SPU 54-inch Transmission Main As-Built,U - Utilities,Appendix,Missing,
605,SPU Design-Build Agreement,U - Utilities,Appendix,Missing,
606,SPU Feasibility Study,U - Utilities,Appendix,Missing,
607,SPU Franchise Permits,U - Utilities,Appendix,Missing,
608,SPU Special Provisions,U - Utilities,Appendix,Missing,
609,Seattle City Light Design-Build Agreement,U - Utilities,Appendix,Missing,
610,Seattle City Light Electrical As-Built,U - Utilities,Appendix,Missing,
611,Seattle City Light Permits Franchises,U - Utilities,Appendix,Missing,
612,Seattle DOT Franchise Permits,U - Utilities,Appendix,Missing,
613,Seattle IT Design-Build Agreement,U - Utilities,Appendix,Missing,
614,Seattle IT Fiber Optic As-Built,U - Utilities,Appendix,Missing,
615,Sewer Line Min Cover Waterline Main,U - Utilities,Appendix,Missing,
616,Sound Transit Franchise Permits,U - Utilities,Appendix,Missing,
617,Sprint Nextel Franchise Permits,U - Utilities,Appendix,Missing,
618,T-Mobile Permit UP17579,U - Utilities,Appendix,Missing,
619,Traylor Frontier Kemper Permit,U - Utilities,Appendix,Missing,
620,Utility Assignment of Rights,U - Utilities,Appendix,Missing,
621,Utility Conflict Matrix,U - Utilities,Appendix,Missing,
622,Utility Contact List,U - Utilities,Appendix,Missing,
623,Verizon NW Franchise Permits,U - Utilities,Appendix,Missing,
624,WSDOT Permit Franchise Database,U - Utilities,Appendix,Missing,
625,XO Comm Franchise Permits,U - Utilities,Appendix,Missing,
628,FLS Ventilation Corridor Study,X - Montlake Underlid Systems,Appendix,Missing,
629,Montlake Lid Egress Study,X - Montlake Underlid Systems,Appendix,Missing,
630,Montlake Underlid Concept of Operations,X - Montlake Underlid Systems,Appendix,Missing,
631,Montlake Underlid Emergency Response,X - Montlake Underlid Systems,Appendix,Missing,
632,Montlake Underlid Fire Alarm Response,X - Montlake Underlid Systems,Appendix,Missing,
633,Montlake Underlid Simplex Control System,X - Montlake Underlid Systems,Appendix,Missing,
634,Seattle Fire Concurrence Letter 1,X - Montlake Underlid Systems,Appendix,Missing,
635,Seattle NFPA 502 Amendments,X - Montlake Underlid Systems,Appendix,Missing,
636,WABN Emergency Response Plan,X - Montlake Underlid Systems,Appendix,Missing,
